id	lemma	pos	synset	synset_lemma	definition	example
IT1152	gay	noun	Synset('omw-iwn-10182913-n')	['gay', 'omosessuale', 'diverso', 'checca', 'finocchio', 'invertito']	uomo omosessuale	[]
IT789	boy	noun	Synset('omw-iwn-09871364-n')	['boy', 'moroso', 'bello', 'boy-friend', 'ragazzo']	l'innamorato, il fidanzato	[]
IT3560	pastore	noun	Synset('omw-iwn-10587605-n')	['pecoraio', 'pastore']	chi guida al pascolo greggi o armenti	[]
IT3560	pastore	noun	Synset('omw-iwn-02104523-n')	['pastore', 'cane-da-pastore']	cane addestrato a sorvegliare il gregge	[]
IT3560	pastore	noun	Synset('omw-iwn-09983572-n')	['pastore']	guida spirituale, sacerdote protestante	[]
IT456	casino	noun	Synset('omw-iwn-03685486-n')	['casino']	casa signorile rustica adibita a luogo di raaccolta per i cacciatori	[]
IT456	casino	noun	Synset('omw-iwn-04581595-n')	['casotto', 'casa di tolleranza', 'casa di piacere', 'casa chiusa', 'bordello', 'lupanare', 'postribolo', 'casino']	casa di prostituzione	[]
IT456	casino	noun	Synset('omw-iwn-13976322-n')	['tregenda', 'bordello', 'baraonda', 'vespaio', 'marasma', 'sarabanda', 'putiferio', 'rivoluzione', 'quarantotto', 'casino', 'pandemonio', 'tempesta']	stato di grande confusione e turbamento	[]
IT456	casino	noun	Synset('omw-iwn-02977936-n')	['casa da gioco', 'casinò']	luogo dove si gioca alla roulette e a vari giochi	[]
IT2841	pittore	noun	Synset('omw-iwn-10391653-n')	['pittore']	chi esercita l'arte della pittura	[]
IT2841	pittore	noun	Synset('omw-iwn-10393909-n')	['pittore', 'imbianchino']	operaio che imbianca i muri	[]
IT873	becco	noun	Synset('omw-iwn-02416880-n')	['caprone', 'becco', 'capro']	maschio della capra	[]
IT873	becco	noun	Synset('omw-iwn-01758308-n')	['becco']	sporgenza cornea di forma allungata che riveste gli archi mascellari e mandibolari degli uccelli, usata per afferrare il cibo e anche per difendersi	[]
IT4594	rosso	noun	Synset('omw-iwn-09405949-n')	['fiume-Rosso', 'rosso']	uomo dai capelli rossi	[]
IT4594	rosso	noun	Synset('omw-iwn-10513823-n')	['fiume-Rosso', 'rosso']	uomo dai capelli rossi	[]
IT4594	rosso	noun	Synset('omw-iwn-04962784-n')	['rosso']	colore	[]
IT4594	rosso	noun	Synset('omw-iwn-09863936-n')	['rosso', 'marxista']	seguace del marxismo	[]
IT4594	rosso	noun	Synset('omw-iwn-09863749-n')	['fiume-Rosso', 'rosso']	uomo dai capelli rossi	[]
IT4594	rosso	noun	Synset('omw-iwn-01464844-n')	['giallo', 'rosso', 'tuorlo']	la parte più nutriente dell'uovo di colore variabile tra il giallo e il rosso	[]
IT27	indifferenza	noun	Synset('omw-iwn-04636610-n')	['distacco', 'apatia', 'noncuranza', 'indifferenza']	l'essere distaccato e indifferente	[]
IT3483	memoria	noun	Synset('omw-iwn-06516087-n')	['memoria', 'autobiografia']	scritto autobiografico	[]
IT3483	memoria	noun	Synset('omw-iwn-03744276-n')	['memoria']	parte di un elaboratore elettronico che immagazzina per operazioni future dati e informazioni	[]
IT3483	memoria	noun	Synset('omw-iwn-05935060-n')	['segno', 'testimonianza', 'reminiscenza', 'rimembranza', 'ricordanza', 'ricordo', 'memoria']	immagine o idea che resta di qualcuno o qualcosa	[]
IT3483	memoria	noun	Synset('omw-iwn-05760202-n')	['rimembranza', 'reminiscenza', 'ricordo', 'memoria']	capacità della mente di rievocare esperienze passate	[]
IT1480	circo	noun	Synset('omw-iwn-03034860-n')	['circo equestre', 'circo']	costruzione mobile in cui si svolge lo spettacolo del circo	[]
IT1480	circo	noun	Synset('omw-iwn-00519739-n')	['circo equestre', 'circo']	spettacolo che si svoge in un circo	[]
IT247	massa	noun	Synset('omw-iwn-05024254-n')	['massa']	quantità di materia presente in un corpo	[]
IT247	massa	noun	Synset('omw-iwn-08160276-n')	['gente', 'massa', 'popolo']	il complesso dei cittadini	[]
IT247	massa	noun	Synset('omw-iwn-09348055-n')	['aggregato', 'massa']	massa composita	[]
IT247	massa	noun	Synset('omw-iwn-13774404-n')	['mucchio', 'massa', 'cumulo', 'ammasso', 'caterva', 'montagna']	gran quantità	[]
IT4180	rosso	adjective	Synset('omw-iwn-00381097-a')	['rosso']	Uno dei colori di base	[]
IT4180	rosso	adjective	Synset('omw-iwn-01175007-a')	['infiammato', 'arrossato', 'rosso']	Di ciò che è infiammato, arrossato	[]
IT2398	fascista	noun	Synset('omw-iwn-10079893-n')	['nero', 'fascista']	seguace del fascismo	[]
IT1355	azienda	noun	Synset('omw-iwn-08058098-n')	['società', 'impresa', 'azienda', 'ditta', 'compagnia']	azienda	[]
IT3901	crepare	verb	Synset('omw-iwn-00358431-v')	"['decedere', 'passare a miglior vita', 'andare in cielo', 'andare al Creatore', ""andare all'altro mondo"", 'andare', 'finire', 'trapassare', 'crepare', 'schiantare', 'mancare', 'dipartirsi', 'morire']"	venir meno, morire	[]
IT335	ignorante	adjective	Synset('omw-iwn-01949740-a')	['ignorante', 'incolto']	privo di cultura	[]
IT335	ignorante	adjective	Synset('omw-iwn-01336837-a')	['asinesco', 'ignorante', 'insipiente']	mentalmente limitato	[]
IT364	buffone	noun	Synset('omw-iwn-09930876-n')	['pagliaccio', 'buffone']	chi parla o agisce da pagliaccio	[]
IT2050	criminalità	noun	Synset('omw-iwn-13991346-n')	['delittuosità', 'criminosità', 'criminalità']	l'essere criminale	[]
IT2050	criminalità	noun	Synset('omw-iwn-08245172-n')	"['organizzazione criminale', 'associazione criminale', ""criminalita' organizzata"", 'criminalità']"	associazione criminale, l'insieme dei malviventi	[]
IT115	duro	adjective	Synset('omw-iwn-00744916-a')	['arduo', 'difficile', 'duro', 'impegnativo']	che necessita di un grosso sforzo per essere compreso o trattato o superato	[]
IT115	duro	adjective	Synset('omw-iwn-01150915-a')	['duro']	detto di materiale che resiste alla pressione, al taglio, alla deformazione	[]
IT4486	sufficiente	adjective	Synset('omw-iwn-01891109-a')	['sufficiente', 'sostenuto', 'sussiegoso']	detto di chi manifesta un senso di superiorità indisponente	[]
IT1110	capo	noun	Synset('omw-iwn-01318381-n')	['capo']	un singolo individuo di animali da allevamento	[]
IT1110	capo	noun	Synset('omw-iwn-06783768-n')	['capo', 'capitolo']	la suddivisione di un testo	[]
IT1110	capo	noun	Synset('omw-iwn-06396142-n')	['capo', 'capitolo']	la suddivisione di un testo	[]
IT1110	capo	noun	Synset('omw-iwn-08663860-n')	['tetto', 'culmine', 'vertice', 'capo', 'sommo', 'sommità', 'picco', 'vetta', 'cima']	cima, sommità	[]
IT1110	capo	noun	Synset('omw-iwn-09233715-n')	['capo', 'promontorio']	striscia di terra che si proietta in mare	[]
IT1110	capo	noun	Synset('omw-iwn-05538625-n')	['capo', 'testa', 'zucca', 'chiorba', 'capoccia', 'cranio']	negli uomini e negli animali, la parte del corpo che contiene il cervello e i principali organi di senso	[]
IT1110	capo	noun	Synset('omw-iwn-03501614-n')	['capocchia', 'capo']	estremità tondeggiante di qualcosa	[]
IT1546	maschio	noun	Synset('omw-iwn-01321230-n')	['maschio']	animale maschio capace di riprodursi	[]
IT1546	maschio	noun	Synset('omw-iwn-03968293-n')	['maschio']	pezzo fatto per entrare ad incastro in un altro	[]
IT1546	maschio	noun	Synset('omw-iwn-10287213-n')	['uomo', 'maschio']	essere umano di sesso maschile	[]
IT2498	pagliaccio	noun	Synset('omw-iwn-09930876-n')	['pagliaccio', 'buffone']	chi parla o agisce da pagliaccio	[]
IT1310	ignobile	adjective	Synset('omw-iwn-01227546-a')	['infamante', 'disonorevole', 'ignobile', 'vergognoso', 'obbrobrioso']	che è causa di vergogna	[]
IT4485	sostenuto	adjective	Synset('omw-iwn-01891109-a')	['sufficiente', 'sostenuto', 'sussiegoso']	detto di chi manifesta un senso di superiorità indisponente	[]
IT1601	concorso	noun	Synset('omw-iwn-01205702-n')	['concorso']	il collaborare in qlco	[]
IT1601	concorso	noun	Synset('omw-iwn-07456188-n')	['duello', 'concorso', 'confronto', 'competizione', 'prova', 'gara']	atto, sforzo di due o più concorrenti per vincersi, superarsi a vicenda	[]
IT1963	amante	noun	Synset('omw-iwn-09622302-n')	['amoroso', 'amadore', 'innamorato', 'amante', 'amatore']	chi ama	[]
IT1963	amante	noun	Synset('omw-iwn-10077593-n')	['aficionado', 'fan', 'amatore', 'amante', 'appassionato']	chi ama qualcosa	[]
IT772	favola	noun	Synset('omw-iwn-07222581-n')	['fiaba', 'favola', 'fantasia', 'fantasticheria', 'fola']	narrazione con personaggi immaginari	[]
IT772	favola	noun	Synset('omw-iwn-06757057-n')	['bubbola', 'balla', 'favola', 'pispola', 'panzana', 'storia', 'fandonia', 'frottola']	bugia smaccata	[]
IT551	ministro	noun	Synset('omw-iwn-10320863-n')	['ministro']	Chi fa parte del governo con la responsabilità di un dicastero	[]
IT551	ministro	noun	Synset('omw-iwn-09770472-n')	['ministro']	chi cura l'amministrazione di qualcosa	[]
IT2752	roba	noun	Synset('omw-iwn-03748886-n')	['roba', 'prodotto', 'merce', 'articolo']	qualunque bene mobile, economicamente utile, destinato alla vendita	[]
IT2752	roba	noun	Synset('omw-iwn-13262335-n')	['roba']	merci clandestine o rubate	[]
IT2752	roba	noun	Synset('omw-iwn-04345288-n')	['roba']	termine generico che indica un insieme indiffrenziato di oggetti	[]
IT4350	ideologico	adjective	Synset('omw-iwn-00012932-a')	['ideologico']	dell'ideologia	[]
IT2019	delitto	noun	Synset('omw-iwn-00766234-n')	['reato', 'misfatto', 'crimine', 'delitto']	atto commesso in violazione di norme legali e morali	[]
IT3782	errore	noun	Synset('omw-iwn-06769392-n')	['sbaglio', 'fallo', 'errore']	il risultato dell'errare, la cosa sbagliata	[]
IT3154	asta	noun	Synset('omw-iwn-04270891-n')	['asta', 'lancia']	arma di offesa costituita da un'asta munita alla cima di un ferro appuntito	[]
IT3154	asta	noun	Synset('omw-iwn-03976657-n')	['stanga', 'palo', 'asta']	barra di materiale vario	[]
IT3154	asta	noun	Synset('omw-iwn-00092366-n')	['asta']	procedimento di vendita al miglior offerente	[]
IT3154	asta	noun	Synset('omw-iwn-02883004-n')	['asta', 'bompresso']	albero che sporge obliquamente oltre la prora dei velieri	[]
IT3459	stanga	noun	Synset('omw-iwn-03976657-n')	['stanga', 'palo', 'asta']	barra di materiale vario	[]
IT209	spazzatura	noun	Synset('omw-iwn-00252307-n')	['spazzatura']		[]
IT209	spazzatura	noun	Synset('omw-iwn-14857497-n')	['sporcizia', 'scarto', 'spazzatura', 'immondizia', 'pattume', 'rifiuto']	spazzatura	[]
IT1215	famiglia	noun	Synset('omw-iwn-08078020-n')	['famiglia']	i congiunti da vincoli di sangue	[]
IT1215	famiglia	noun	Synset('omw-iwn-07970721-n')	['casato', 'ascendenza', 'prosapia', 'genia', 'ceppo', 'razza', 'schiatta', 'lignaggio', 'casata', 'stirpe', 'famiglia', 'gente']	l'insieme delle famiglie con uno stesso capostipite	[]
IT1215	famiglia	noun	Synset('omw-iwn-08107499-n')	['classe', 'ordine', 'famiglia']	il complesso di piante o animali che appartengono a generi simili	[]
IT751	mercato	noun	Synset('omw-iwn-08424951-n')	['piazza', 'mercato']	il complesso dei compratori di determinati prodotti o servizi	[]
IT751	mercato	noun	Synset('omw-iwn-01097292-n')	['mercato']	attività economica, complesso delle contrattazioni svolte da venditori ed acquirenti	[]
IT151	fedele	noun	Synset('omw-iwn-09628382-n')	['fedele', 'credente', 'religioso']	chi è seguace di una fede religiosa	[]
IT245	esercito	noun	Synset('omw-iwn-08191230-n')	['armata', 'forze armate', 'esercito']	forze militari, armate	[]
IT1878	adolescente	noun	Synset('omw-iwn-09871229-n')	['teen ager', 'sbarbatello', 'scugnizzo', 'giovincello', 'giovinetto', 'adolescente', 'ragazzo']	persona in età adolescenziale	[]
IT573	difesa	noun	Synset('omw-iwn-08064523-n')	['avvocato difensore', 'difesa']	avvocato difensore	[]
IT573	difesa	noun	Synset('omw-iwn-00817680-n')	['tutela', 'difesa', 'protezione']	l'atto di proteggere	[]
IT573	difesa	noun	Synset('omw-iwn-00954311-n')	['difesa']	azione militare atta a difendere	[]
IT573	difesa	noun	Synset('omw-iwn-08081403-n')	['difesa']	nei giochi di squadra, il gruppo dei giocatori che svolgono un ruolo difensivo	[]
IT1222	manzo	noun	Synset('omw-iwn-02403231-n')	['manzo']	bovino giovane	[]
IT1222	manzo	noun	Synset('omw-iwn-07663592-n')	['manzo']	la carne di manzo	[]
IT3689	minuto	noun	Synset('omw-iwn-15234764-n')	['primo', 'minuto primo', 'minuto']	unità di misura temporale	[]
IT3689	minuto	noun	Synset('omw-iwn-05820462-n')	['minuto', 'minuzia']	cosa di poco conto	[]
IT3689	minuto	noun	Synset('omw-iwn-15244650-n')	['minuto', 'punto', 'secondo', 'istante', 'attimo', 'momento']	una porzione limitata e molto breve di tempo	[]
IT2822	popolazione	noun	Synset('omw-iwn-08223802-n')	['popolazione']	l'insieme degli abitanti di un luogo	[]
IT788	bugiardo	noun	Synset('omw-iwn-10256537-n')	['bugiardo', 'mentitore']	chi dice bugie	[]
IT3646	nero	adjective	Synset('omw-iwn-00176838-a')	['scoraggiante', 'nero', 'sconfortante']	che toglie ogni coraggio	[]
IT3646	nero	adjective	Synset('omw-iwn-00392812-a')	['nero']	che ha il colore più scuro che esiste	[]
IT3646	nero	adjective	Synset('omw-iwn-00241952-a')	['nero', 'negro']	che è caratteristico della popolazione negroide	[]
IT2606	ufficiale	noun	Synset('omw-iwn-10317007-n')	['ufficiale']	militare che ricopre un grado, da sottotenente, o da guardiamarina, in su	[]
IT2606	ufficiale	noun	Synset('omw-iwn-10372373-n')	['uficiale', 'ufiziale', 'uffiziale', 'pubblico ufficiale', 'ufficiale']	chi ricopre un pubblico ufficio	[]
IT3079	incapacità	noun	Synset('omw-iwn-05644922-n')	['incapacità', 'inabilità']		[]
IT3331	colpevole	noun	Synset('omw-iwn-10417168-n')	['responsabile', 'reo', 'colpevole']	chi ha comportamenti punibili per legge	[]
IT3151	mazza	noun	Synset('omw-iwn-02949202-n')	['mazza']	bastone da passeggio o per altri usi, spesso con grosso pomo all'estremità superiore	[]
IT3151	mazza	noun	Synset('omw-iwn-02799175-n')	['mazza']	bastone usato nel baseball	[]
IT1662	ragazzo	noun	Synset('omw-iwn-09871229-n')	['teen ager', 'sbarbatello', 'scugnizzo', 'giovincello', 'giovinetto', 'adolescente', 'ragazzo']	persona in età adolescenziale	[]
IT1662	ragazzo	noun	Synset('omw-iwn-09871364-n')	['boy', 'moroso', 'bello', 'boy-friend', 'ragazzo']	l'innamorato, il fidanzato	[]
IT4288	fascista	adjective	Synset('omw-iwn-02920769-a')	['fascista']	del fascismo	[]
IT4119	piccolo	noun	Synset('omw-iwn-01321579-n')	['cucciolo', 'piccolo']	animale giovane, nato da poco	[]
IT2972	ano	noun	Synset('omw-iwn-05538016-n')	['ano']	orifizio all'estremità terminale dell'intestino retto	[]
IT1900	patata	noun	Synset('omw-iwn-07710616-n')	['patata']	tubero della pianta omonima	[]
IT2735	ladro	noun	Synset('omw-iwn-10707804-n')	['ladro']	chi ruba	[]
IT3414	economia	noun	Synset('omw-iwn-00192613-n')	['economia', 'risparmio']	il risparmiare	[]
IT3414	economia	noun	Synset('omw-iwn-06149484-n')	['economia']	scienza che studia come impiegare i beni a disposizione	[]
IT282	stupro	noun	Synset('omw-iwn-00774107-n')	['violenza carnale', 'stupro']	crimine violento contro la persona	[]
IT282	stupro	noun	Synset('omw-iwn-00773402-n')	['violenza carnale', 'stupro']	crimine violento contro la persona	[]
IT3649	uomo	noun	Synset('omw-iwn-10287213-n')	['uomo', 'maschio']	essere umano di sesso maschile	[]
IT3649	uomo	noun	Synset('omw-iwn-10288516-n')	['uomo']	marito, compagno della donna	[]
IT3649	uomo	noun	Synset('omw-iwn-02472293-n')	['uomo']	mammifero superiore caratterizzato dalla posizione eretta, dal linguaggio articolato dal relativamente grande sviluppo del cervello e da elevate attività psichiche	[]
IT670	troia	noun	Synset('omw-iwn-10485440-n')	['donnina allegra', 'baiadera', 'donnaccia', 'donna di malaffare', 'peripatetica', 'troia', 'zoccola', 'mignotta', 'passeggiatrice', 'bagascia', 'baldracca', 'battona', 'puttana', 'meretrice', 'prostituta', 'donnina', 'squillo', 'call girl', 'donna di vita', 'donna di strada']	donna che si guadagna da vivere prostituendosi	[]
IT670	troia	noun	Synset('omw-iwn-08788887-n')	['troia', 'Ilio']		[]
IT153	complice	noun	Synset('omw-iwn-09759875-n')	['complice', 'corresponsabile', 'correo']	chi aiuta altri a commettere un delitto o un'azione disonesta	[]
IT2988	miseria	noun	Synset('omw-iwn-14493145-n')	['necessità', 'miseria', 'angustia', 'stento', 'inopia', 'indigenza', 'strettezza', 'povertà', 'ristrettezza']	povertà	[]
IT2988	miseria	noun	Synset('omw-iwn-13988663-n')	['miseria', 'infelicità']	l'essere infelice	[]
IT2988	miseria	noun	Synset('omw-iwn-12606545-n')	['miseria']	pianta erbacea sempreverde con fusto ricadente	[]
IT4152	comune	adjective	Synset('omw-iwn-00970610-a')	['comune', 'ordinario']	che non esce dalla cosuetudine, dalla norma	[]
IT4152	comune	adjective	Synset('omw-iwn-00666058-a')	['comune', 'corrente', 'diffuso']	comune, diffuso, usato abitualmente	[]
IT1772	ritrovato	noun	Synset('omw-iwn-05621178-n')	['ritrovato', 'accorgimento', 'espediente']	modo per raggiungere un fine	[]
IT1772	ritrovato	noun	Synset('omw-iwn-07068844-n')	['ritrovato', 'accorgimento', 'espediente']	modo per raggiungere un fine	[]
IT382	ignorante	noun	Synset('omw-iwn-10198958-n')	['somaro', 'ignorante', 'asino']	una persona ignorante	[]
IT3355	cosa	nostra	Synset('omw-iwn-07289831-n')	['cosa']	fatto	[]
IT3355	cosa	nostra	Synset('omw-iwn-13943968-n')	['cosa']	fatto, situazione, avvenimento	[]
IT3355	cosa	nostra	Synset('omw-iwn-00034479-n')	['cosa']	fatto, situazione, avvenimento	[]
IT3355	cosa	nostra	Synset('omw-iwn-06723908-n')	['cosa']	ogni detto	[]
IT3355	cosa	nostra	Synset('omw-iwn-00002684-n')	['oggetto', 'cosa']	oggetto materiale, concreto	[]
IT3355	cosa	nostra	Synset('omw-iwn-04486445-n')	['cosa', 'causa']	causa, scopo	[]
IT3355	cosa	nostra	Synset('omw-iwn-04617289-n')	['cosa']	qualità	[]
IT2027	crimine	noun	Synset('omw-iwn-00766234-n')	['reato', 'misfatto', 'crimine', 'delitto']	atto commesso in violazione di norme legali e morali	[]
IT1259	branco	noun	Synset('omw-iwn-08183046-n')	['branco']	gruppo di persone o cose(dispregiativo)	[]
IT3108	triste	adjective	Synset('omw-iwn-01361863-a')	['triste']	che provoca dispiacere	[]
IT3108	triste	adjective	Synset('omw-iwn-01366277-a')	['triste']	che infonde tristezza	[]
IT89	idiozia	noun	Synset('omw-iwn-05645597-n')	['idiozia', 'stupidità', 'imbecillità']	l'essere stupido, il mostrare scarsa intelligenza	[]
IT89	idiozia	noun	Synset('omw-iwn-06611998-n')	['idiozia', 'strafalcione', 'sfarfallone', 'asinata', 'asinità', 'asineria']	atto, discorso da sciocco	[]
IT60	operatore	noun	Synset('omw-iwn-13786413-n')	['operatore']	simbolo usato in matematica per indicare una certa operazione	[]
IT60	operatore	noun	Synset('omw-iwn-10378412-n')	['operatore']	chi è addetto a far funzionare macchine, impianti ecc	[]
IT60	operatore	noun	Synset('omw-iwn-10378780-n')	['operatore']	persona che lavora in un dato settore	[]
IT4662	rom	noun	Synset('omw-iwn-04058239-n')	['ROM']		[]
IT1212	mole	noun	Synset('omw-iwn-05025413-n')	['mole', 'quantità']	una grande quantità	[]
IT1212	mole	noun	Synset('omw-iwn-13724081-n')	['mole']	unità di misura del SI	[]
IT1212	mole	noun	Synset('omw-iwn-05103946-n')	['mole', 'grandezza', 'grossezza']	ampia misura	[]
IT4404	corrente	adjective	Synset('omw-iwn-00666058-a')	['comune', 'corrente', 'diffuso']	comune, diffuso, usato abitualmente	[]
IT4404	corrente	adjective	Synset('omw-iwn-02261746-a')	['fluido', 'corrente', 'scorrevole']	scorrevole, fluido, che scorre facilmente	[]
IT4105	banale	adjective	Synset('omw-iwn-01673946-a')	['banale']	che è comune, privo di originalità	[]
IT199	processo	noun	Synset('omw-iwn-00029677-n')	['processo']	svolgimento, sviluppo successivo di fatti o di fenomeni concatenati tra loro	[]
IT199	processo	noun	Synset('omw-iwn-06556692-n')	['processo']	istruzione di una causa giudiziaria	[]
IT2856	mestiere	noun	Synset('omw-iwn-00580961-n')	['faccenda', 'mestiere']	lavori domestici	[]
IT2856	mestiere	noun	Synset('omw-iwn-05638063-n')	['mestiere', 'tecnica', 'arte']	attività umana che si basa sull'abilità individuale e su un complesso di regole e conoscenze tecniche ad essa necessarie	[]
IT3904	mancare	verb	Synset('omw-iwn-00358431-v')	"['decedere', 'passare a miglior vita', 'andare in cielo', 'andare al Creatore', ""andare all'altro mondo"", 'andare', 'finire', 'trapassare', 'crepare', 'schiantare', 'mancare', 'dipartirsi', 'morire']"	venir meno, morire	[]
IT3904	mancare	verb	Synset('omw-iwn-01805523-v')	['mancare']	essere privo di qlco	[]
IT3904	mancare	verb	Synset('omw-iwn-02632353-v')	['difettare', 'mancare']	non bastare, non essere sufficiente	[]
IT3904	mancare	verb	Synset('omw-iwn-02613672-v')	['mancare']	essere assente, non esserci, essere lontano (detto di persona)	[]
IT1706	vile	noun	Synset('omw-iwn-09614047-n')	['codardo', 'vigliacco', 'vile', 'pusillanime']	persona che non ha coraggio	[]
IT4117	bambina	noun	Synset('omw-iwn-09992837-n')	['figlia', 'figliola', 'bambina']	il figlio femmina	[]
IT4117	bambina	noun	Synset('omw-iwn-10084295-n')	['bambina']	la donna nel periodo che va dalla nascita e all'inizio della fanciullezza	[]
IT1494	commesso	noun	Synset('omw-iwn-10726786-n')	['rappresentante di commercio', 'viaggiatore di commercio', 'commesso viaggiatore', 'viaggiatore', 'rappresentante', 'commesso', 'agente di commercio']	chi promuove qualcosa a nome di altri	[]
IT1494	commesso	noun	Synset('omw-iwn-09928451-n')	['commesso']		[]
IT3429	compagnia	noun	Synset('omw-iwn-08187033-n')	['troupe', 'compagnia']	Insieme di registi, attori, tecnici di uno spettacolo cinematografico o televisivo	[]
IT3429	compagnia	noun	Synset('omw-iwn-08058098-n')	['società', 'impresa', 'azienda', 'ditta', 'compagnia']	azienda	[]
IT3429	compagnia	noun	Synset('omw-iwn-08184861-n')	['brigata', 'comitiva', 'compagnia']	persone riunite per un viaggio, una gita una festa e simili	[]
IT4385	scarso	adjective	Synset('omw-iwn-02336904-a')	['esiguo', 'povero', 'scarso', 'insufficiente', 'gramo']	piccolo, scarso	[]
IT764	carne	noun	Synset('omw-iwn-05217168-n')	['carne']		[]
IT764	carne	noun	Synset('omw-iwn-07649854-n')	['carne']	carne degli animali di cui l'uomo si ciba	[]
IT764	carne	noun	Synset('omw-iwn-05268112-n')	['carne']	parte del corpo costituita dai tessuti molli	[]
IT943	ricatto	noun	Synset('omw-iwn-00784598-n')	['ricatto']		[]
IT3460	palo	noun	Synset('omw-iwn-03443149-n')	['palo']		[]
IT3460	palo	noun	Synset('omw-iwn-03976657-n')	['stanga', 'palo', 'asta']	barra di materiale vario	[]
IT3243	mix	noun	Synset('omw-iwn-14586258-n')	['mistura', 'miscellanea', 'mix', 'agglomerato', 'amalgama', 'pasticcio', 'impasto', 'mistione', 'mescola', 'melange', 'composto', 'miscela', 'misto', 'miscuglio', 'mescolanza', 'pastone']	mescolanza di due o più sostanze	[]
IT3259	bagno	noun	Synset('omw-iwn-00257770-n')	['bagno']	il bagnare o il bagnarsi	[]
IT3173	gay	adjective	Synset('omw-iwn-01201422-a')	['gay', 'omoerotico', 'omofilo', 'omosessuale']	detto di chi prova attrazione per persone dello stesso sesso	[]
IT2276	vile	adjective	Synset('omw-iwn-00264776-a')	['pusillanime', 'pavido', 'vile', 'codardo', 'vigliacco']	detto di chi manca di coraggio	[]
IT4118	bambino	noun	Synset('omw-iwn-10624074-n')	['figlio', 'figliolo', 'bambino']	il figlio maschio	[]
IT3008	bisogno	noun	Synset('omw-iwn-14449126-n')	['bisogna', 'bisogno']	mancanza di qlco	[]
IT2143	cuccia	noun	Synset('omw-iwn-03610524-n')	['cuccia']	un riparo per un cane	[]
IT1315	bocca	noun	Synset('omw-iwn-05302499-n')	['bocca']	cavità orale	[]
IT2487	ipocrita	adjective	Synset('omw-iwn-00584403-a')	['insincero', 'falso', 'igannevole', 'ipocrita', 'finto']	di persona che è falsa, ipocrita	[]
IT2072	abominio	noun	Synset('omw-iwn-14441230-n')	['obbrobrio', 'infamia', 'abominio']	condizione o azione di grande vergogna o disonore	[]
IT2857	governo	noun	Synset('omw-iwn-08050678-n')	['consiglio dei ministri', 'esecutivo', 'governo']	il governo, chi ha il potere esecutivo	[]
IT2857	governo	noun	Synset('omw-iwn-05909585-n')	['governo', 'regime', 'forma di governo']	forma di governo	[]
IT2857	governo	noun	Synset('omw-iwn-01124794-n')	['governo']	il governare in senso politico	[]
IT1609	affluenza	noun	Synset('omw-iwn-00147091-n')	['afflusso', 'affluenza']	l'affluire di persone	[]
IT1609	affluenza	noun	Synset('omw-iwn-00329227-n')	['ondata', 'onda', 'affluenza', 'afflusso']	l'affluire di liquidi o cose	[]
IT1771	arte	noun	Synset('omw-iwn-02743547-n')	['arte']	l'insieme delle cose prodotte dall'attività artistica	[]
IT1771	arte	noun	Synset('omw-iwn-05638063-n')	['mestiere', 'tecnica', 'arte']	attività umana che si basa sull'abilità individuale e su un complesso di regole e conoscenze tecniche ad essa necessarie	[]
IT2999	necessità	noun	Synset('omw-iwn-14450691-n')	['obbligazione', 'necessità']	in filosofia, qualità di ciò che non può non essere	[]
IT2999	necessità	noun	Synset('omw-iwn-14493145-n')	['necessità', 'miseria', 'angustia', 'stento', 'inopia', 'indigenza', 'strettezza', 'povertà', 'ristrettezza']	povertà	[]
IT1495	capra	noun	Synset('omw-iwn-02416964-n')	['capra']	mammifero ruminante dal pelo lungo e liscio, allevato per il latte, la carne e il vello,  ma che si trova anche allo stato selvatico nelle zone montuose	[]
IT834	giro	noun	Synset('omw-iwn-15287830-n')	['ciclo', 'giro']	intervallo, periodo di tempo durante il quale si ripresenta un certo evento o una certa sequenza di eventi	[]
IT834	giro	noun	Synset('omw-iwn-01113867-n')	['commercio', 'giro', 'traffico']	traffico di beni	[]
IT834	giro	noun	Synset('omw-iwn-00345454-n')	['volta', 'cerchio', 'giro', 'giravolta']	girare su se stessi	[]
IT834	giro	noun	Synset('omw-iwn-06495625-n')	['mondo', 'giro', 'cerchia', 'ambiente']	ambiente, cerchia, giro	[]
IT3482	ratto	noun	Synset('omw-iwn-02331046-n')	['topo di fogna', 'ratto di chiavica', 'surmulotto', 'surmolotto', 'ratto']	mammifero roditore affine al topo, ma più grande, abitatore di luoghi umidi e bui, dannoso sia per la voracità che per le malattie che può trasmettere	[]
IT4645	forza	noun	Synset('omw-iwn-11458624-n')	['Potenza', 'energia', 'forza']	capacità di un sistema di sviluppare lavoro	[]
IT4645	forza	noun	Synset('omw-iwn-05035353-n')	['solidità', 'Potenza', 'nerbo', 'possa', 'robustezza', 'gagliardia', 'vigore', 'forza']	forza, robustezza	[]
IT4645	forza	noun	Synset('omw-iwn-08404549-n')	['forza', 'contingente']	gruppo militare	[]
IT4645	forza	noun	Synset('omw-iwn-11452218-n')	['Potenza', 'energia', 'forza']	capacità di un sistema di sviluppare lavoro	[]
IT1062	ignoranza	noun	Synset('omw-iwn-04817564-n')	['incultura', 'ignoranza', 'rozzezza']		[]
IT3666	bianco	noun	Synset('omw-iwn-04960729-n')	['bianco']		[]
IT4120	bebè	noun	Synset('omw-iwn-09827683-n')	['poppante', 'lattante', 'infante', 'bebè', 'neonato']	lattante	[]
IT275	creatura	noun	Synset('omw-iwn-00004475-n')	['creatura', 'organismo vivente', 'essere vivente']	ogni essere vivente	[]
IT275	creatura	noun	Synset('omw-iwn-00004258-n')	['creatura', 'organismo vivente', 'essere vivente']	ogni essere vivente	[]
IT2051	politico	noun	Synset('omw-iwn-10014658-n')	['politico', 'diplomatico']	per estens., persona accorta, abile, piena di tatto nel trattare un affare	[]
IT2051	politico	noun	Synset('omw-iwn-10450303-n')	['politico']	chi partecipa alla vita politica ricoprendo incarichi nell'ambito dei vari partiti ufficialmente riconosciuti	[]
IT3701	oca	noun	Synset('omw-iwn-01855672-n')	['oca']	grosso uccello dei palmipedi, con collo lungo e becco robusto, allevato per le carni e le piume	[]
IT3348	poliziotto	noun	Synset('omw-iwn-10448983-n')	['birro', 'sbirro', 'agente', 'segugio', 'agente di polizia', 'poliziotto', 'piedipiatti']	poliziotto	[]
IT767	storia	noun	Synset('omw-iwn-06514093-n')	['storia']	opera storica	[]
IT767	storia	noun	Synset('omw-iwn-06155567-n')	['storia']	dottrina, disciplina	[]
IT767	storia	noun	Synset('omw-iwn-15123996-n')	['storia']	l'accadere degli eventi umani, lo svolgersi della civiltà	[]
IT767	storia	noun	Synset('omw-iwn-06156752-n')	['storia']	opera storica	[]
IT767	storia	noun	Synset('omw-iwn-06757057-n')	['bubbola', 'balla', 'favola', 'pispola', 'panzana', 'storia', 'fandonia', 'frottola']	bugia smaccata	[]
IT3895	finire	verb	Synset('omw-iwn-00358431-v')	"['decedere', 'passare a miglior vita', 'andare in cielo', 'andare al Creatore', ""andare all'altro mondo"", 'andare', 'finire', 'trapassare', 'crepare', 'schiantare', 'mancare', 'dipartirsi', 'morire']"	venir meno, morire	[]
IT3895	finire	verb	Synset('omw-iwn-00352826-v')	['porre termine', 'porre fine', 'terminare', 'finire', 'concludere', 'chiudere', 'estinguere']	porre fine a q.c	[]
IT3895	finire	verb	Synset('omw-iwn-02680814-v')	['smettere', 'cessare', 'finire']	interrompere volontariamente un'attività o un'azione	[]
IT3347	guardia	noun	Synset('omw-iwn-10150281-n')	['guardia']	giocatore nella pallacanestro	[]
IT3347	guardia	noun	Synset('omw-iwn-08215801-n')	['scorta', 'vigilanza', 'guardia']	gruppo o persona che è di scorta	[]
IT755	rivoluzione	noun	Synset('omw-iwn-07440979-n')	['rivoluzione']	moto di un corpo celeste intorno ad un altro	[]
IT755	rivoluzione	noun	Synset('omw-iwn-07424109-n')	['rivoluzionamento', 'rivoluzione']	cambiamento rapido	[]
IT755	rivoluzione	noun	Synset('omw-iwn-00962722-n')	['moto rivoluzionario', 'rivoluzione']	rivolgimento violento dell'ordine politico vigente	[]
IT755	rivoluzione	noun	Synset('omw-iwn-13976322-n')	['tregenda', 'bordello', 'baraonda', 'vespaio', 'marasma', 'sarabanda', 'putiferio', 'rivoluzione', 'quarantotto', 'casino', 'pandemonio', 'tempesta']	stato di grande confusione e turbamento	[]
IT2139	volpe	noun	Synset('omw-iwn-02118333-n')	['volpe']	mammifero carnivoro di media grandezza	[]
IT64	accademia	noun	Synset('omw-iwn-08279298-n')	['accademia']	istituto di insegnamento superiore	[]
IT64	accademia	noun	Synset('omw-iwn-08280124-n')	['academia', 'accademia']	società per la difesa dei beni culturali e lo studio delle lettere	[]
IT3254	misto	noun	Synset('omw-iwn-14586258-n')	['mistura', 'miscellanea', 'mix', 'agglomerato', 'amalgama', 'pasticcio', 'impasto', 'mistione', 'mescola', 'melange', 'composto', 'miscela', 'misto', 'miscuglio', 'mescolanza', 'pastone']	mescolanza di due o più sostanze	[]
IT578	cane	noun	Synset('omw-iwn-02084071-n')	['cane']	animale domestico molto comune, diffuso in tutto il mondo, usato per la caccia, la difesa, nella pastorizia, e come animale da compagnia	[]
IT578	cane	noun	Synset('omw-iwn-09886220-n')	['cane']	persona spregevole, villana o malvagia	[]
IT1776	desiderio	noun	Synset('omw-iwn-07484265-n')	['brama', 'bramosia', 'voglia', 'desiderio', 'vaghezza']	desiderio intenso causato da stimoli indipendenti dalla volontà	[]
IT3501	retorica	noun	Synset('omw-iwn-07072698-n')	['retorica']	arte del parlare e dello scrivere	[]
IT1659	diverso	noun	Synset('omw-iwn-10182913-n')	['gay', 'omosessuale', 'diverso', 'checca', 'finocchio', 'invertito']	uomo omosessuale	[]
IT2652	reazione	noun	Synset('omw-iwn-00859001-n')	['risposta', 'reazione']	risposta dell'organismo ad uno stimolo esterno	[]
IT2652	reazione	noun	Synset('omw-iwn-13447361-n')	['reazione']	processo chimico	[]
IT228	calore	noun	Synset('omw-iwn-05725527-n')	['calore', 'caldo']	la sensazione di caldo	[]
IT228	calore	noun	Synset('omw-iwn-14038264-n')	['calore', 'estro']	periodo durante il quale gli animali sono particolarmente predisposti all'accoppiamento	[]
IT228	calore	noun	Synset('omw-iwn-05016171-n')	['calore', 'caldo']	temperatura elevata	[]
IT228	calore	noun	Synset('omw-iwn-11466043-n')	['calore']	energia prodotta da fonti naturali o artificiali, avente la proprietà di riscaldare i corpi e di variarne lo stato fisico	[]
IT228	calore	noun	Synset('omw-iwn-14050143-n')	['vivezza', 'fervore', 'calore umano', 'vitalità', 'spirito', 'vivacità', 'calore', 'animazione']	vitalità	[]
IT235	impegno	noun	Synset('omw-iwn-00633329-n')	['serietà', 'coscienza', 'impegno', 'applicazione', 'studio', 'diligenza', 'attenzione', 'premura']	la diligenza con cui si svolge un compito	[]
IT2177	sacco	noun	Synset('omw-iwn-04023962-n')	['sacco']	attrezzo per il pugilato	[]
IT2093	ipocrita	noun	Synset('omw-iwn-10195593-n')	['ipocrita', 'cortigiano']	persona falsa e adulatrice	[]
IT3003	povertà	noun	Synset('omw-iwn-14493145-n')	['necessità', 'miseria', 'angustia', 'stento', 'inopia', 'indigenza', 'strettezza', 'povertà', 'ristrettezza']	povertà	[]
IT3857	pregare	verb	Synset('omw-iwn-00759944-v')	['orare', 'pregare']	recitare preghiere	[]
IT2486	finto	adjective	Synset('omw-iwn-00584403-a')	['insincero', 'falso', 'igannevole', 'ipocrita', 'finto']	di persona che è falsa, ipocrita	[]
IT4261	lercio	adjective	Synset('omw-iwn-00419289-a')	['immondo', 'lercio', 'sozzo', 'sordido', 'lurido', 'laido', 'lordo', 'sudicio', 'sporco']	Che è sporco, macchiato, imbrattato, unto	[]
IT2356	razza	noun	Synset('omw-iwn-01495701-n')	['razza']	pesce di mare commestibile	[]
IT2356	razza	noun	Synset('omw-iwn-07970721-n')	['casato', 'ascendenza', 'prosapia', 'genia', 'ceppo', 'razza', 'schiatta', 'lignaggio', 'casata', 'stirpe', 'famiglia', 'gente']	l'insieme delle famiglie con uno stesso capostipite	[]
IT2356	razza	noun	Synset('omw-iwn-05839024-n')	['fatta', 'qualità', 'razza', 'genere', 'specie', 'sorta', 'tipo', 'forma']	tipo di, modo particolare di essere di qualcosa	[]
IT2356	razza	noun	Synset('omw-iwn-03773504-n')	['razza', 'razzo', 'missile']	veicolo ad autopropulsione	[]
IT2162	pecora	noun	Synset('omw-iwn-02411705-n')	['pecora']	mammifero ruminante domestico, allevato per il mantello riccio e soffice da cui si ricava la lana, ma anche per il latte e le carni	[]
IT1591	cavolo	noun	Synset('omw-iwn-11875691-n')	['cavolo']	pianta erbacea del genere Brassica largamente coltivata in numerose varietà	[]
IT2473	situazione	noun	Synset('omw-iwn-13925752-n')	['situazione']	stato, condizione, insieme di circostanze	[]
IT2473	situazione	noun	Synset('omw-iwn-13927383-n')	['situazione']	stato, condizione, insieme di circostanze	[]
IT3199	confusione	noun	Synset('omw-iwn-05683582-n')	['confusione']	stato psicologico caratterizzato da smarrimento e scarsa chiarezza	[]
IT3416	terribile	adjective	Synset('omw-iwn-01263013-a')	['tristo', 'feroce', 'empio', 'crudo', 'perverso', 'terribile', 'perfido', 'scellerato', 'crudele', 'malvagio', 'disumano', 'selvaggio']	malvagio	[]
IT4230	rapina	noun	Synset('omw-iwn-00781685-n')	['rapina']	il rapinare	[]
IT393	culo	noun	Synset('omw-iwn-05559256-n')	['deretano', 'fondo schiena', 'culo', 'sedere']	la parte del corpo su cui si sta seduti	[]
IT72	universitario	noun	Synset('omw-iwn-10736602-n')	['universitario']	studente universitario	[]
IT72	universitario	noun	Synset('omw-iwn-09936892-n')	['universitario']	studente universitario	[]
IT2092	ipocrisia	noun	Synset('omw-iwn-04868148-n')	['doppiezza', 'falsità', 'ipocrisia', 'fariseismo', 'farisaismo']	qualità di chi è ipocrita	[]
IT2092	ipocrisia	noun	Synset('omw-iwn-06760076-n')	['infingimento', 'falsità', 'ipocrisia']	atto da ipocrita	[]
IT2240	fallo	noun	Synset('omw-iwn-06769392-n')	['sbaglio', 'fallo', 'errore']	il risultato dell'errare, la cosa sbagliata	[]
IT4597	giallo	noun	Synset('omw-iwn-01464844-n')	['giallo', 'rosso', 'tuorlo']	la parte più nutriente dell'uovo di colore variabile tra il giallo e il rosso	[]
IT4597	giallo	noun	Synset('omw-iwn-04965661-n')	['giallo']	colore giallo	[]
IT2272	male	noun	Synset('omw-iwn-05144079-n')	['male']	qualità di ciò che non è bene	[]
IT1365	casta	noun	Synset('omw-iwn-08306194-n')	['casta']	in senso spregiativo categoria sociale o professionale chiusa, i cui componenti godono di speciali diritti o privilegi	[]
IT1365	casta	noun	Synset('omw-iwn-08306047-n')	['casta']	gruppo sociale rigidamente chiuso. In India, ciascuno dei gruppi sociali su cui si basava, soprattutto in passato, la suddivisione della società	[]
IT4129	bebé	noun	Synset('omw-iwn-09827683-n')	['poppante', 'lattante', 'infante', 'bebè', 'neonato']	lattante	[]
IT1478	cinese	noun	Synset('omw-iwn-06929742-n')	['cinese']		[]
IT1478	cinese	noun	Synset('omw-iwn-09698108-n')	['cinese']		[]
IT3761	solito	adjective	Synset('omw-iwn-00489491-a')	['consueto', 'solito', 'abituale', 'normale', 'ordinario', 'usuale']	non caratterizzato da eventi eccezionali o da elementi insoliti o stravaganti	[]
IT1211	volume	noun	Synset('omw-iwn-02870092-n')	['volume', 'tomo', 'libro']	libro	[]
IT1211	volume	noun	Synset('omw-iwn-04990220-n')	['volume']	intensità del suono	[]
IT1211	volume	noun	Synset('omw-iwn-05099389-n')	['volume']	quantità indeterminata	[]
IT1211	volume	noun	Synset('omw-iwn-13779032-n')	['volume']	misura delo spazio occupato da un corpo	[]
IT1456	feccia	noun	Synset('omw-iwn-08402147-n')	['feccia', 'ciurma', 'plebaglia', 'marmaglia', 'ciurmaglia', 'teppa', 'gentaglia', 'genia', 'canaglia']	la parte peggiore di un gruppo sociale di una comunità	[]
IT1456	feccia	noun	Synset('omw-iwn-09294984-n')	['feccia']	fondo, deposito melmoso lasciato dai liquidi nei recipienti	[]
IT1456	feccia	noun	Synset('omw-iwn-09269972-n')	['feccia']	fondo, deposito melmoso lasciato dai liquidi nei recipienti	[]
IT1456	feccia	noun	Synset('omw-iwn-08401819-n')	['feccia', 'ciurma', 'plebaglia', 'marmaglia', 'ciurmaglia', 'teppa', 'gentaglia', 'genia', 'canaglia']	la parte peggiore di un gruppo sociale di una comunità	[]
IT3098	incapace	adjective	Synset('omw-iwn-00307474-a')	['inetto', 'inabile', 'incapace']	privo di attitudine o disposizione per qualcosa	[]
IT3467	orgoglio	noun	Synset('omw-iwn-07508486-n')	['orgoglio', 'fierezza']	sentimento della propria dignità	[]
IT676	puttana	noun	Synset('omw-iwn-10485440-n')	['donnina allegra', 'baiadera', 'donnaccia', 'donna di malaffare', 'peripatetica', 'troia', 'zoccola', 'mignotta', 'passeggiatrice', 'bagascia', 'baldracca', 'battona', 'puttana', 'meretrice', 'prostituta', 'donnina', 'squillo', 'call girl', 'donna di vita', 'donna di strada']	donna che si guadagna da vivere prostituendosi	[]
IT3710	terrorista	noun	Synset('omw-iwn-10702781-n')	['terrorista']	chi compie atti terroristici	[]
IT702	falsità	noun	Synset('omw-iwn-06756407-n')	['falso', 'falsità', 'fola', 'invenzione']	affermazione falsa	[]
IT702	falsità	noun	Synset('omw-iwn-06760076-n')	['infingimento', 'falsità', 'ipocrisia']	atto da ipocrita	[]
IT702	falsità	noun	Synset('omw-iwn-04868148-n')	['doppiezza', 'falsità', 'ipocrisia', 'fariseismo', 'farisaismo']	qualità di chi è ipocrita	[]
IT475	coglione	noun	Synset('omw-iwn-05524615-n')	['gonade', 'coglione', 'palla', 'testicolo']	ghiandola riproduttiva maschile	[]
IT475	coglione	noun	Synset('omw-iwn-10734129-n')	['coglione', 'minchione']	persona sciocca e credulona	[]
IT1551	problema	noun	Synset('omw-iwn-06784003-n')	['problema']	esercizio matematico presentato sotto forma di quesito	[]
IT1551	problema	noun	Synset('omw-iwn-14476852-n')	['problema']	per estens., situazione difficile o complicata da superare	[]
IT1551	problema	noun	Synset('omw-iwn-05687338-n')	['nodo', 'problema']	cosa che genera preoccupazione	[]
IT1101	toro	noun	Synset('omw-iwn-13900088-n')	['toro']	superficie generata dalla rotazione di una circonferenza	[]
IT1101	toro	noun	Synset('omw-iwn-02403325-n')	['toro']	costellazione	[]
IT1101	toro	noun	Synset('omw-iwn-04458299-n')	['toro']	elemento architettonico di tipo decorativo	[]
IT1101	toro	noun	Synset('omw-iwn-09455306-n')	['toro']	costellazione	[]
IT1101	toro	noun	Synset('omw-iwn-08686332-n')	['toro']	uomo eccezionalmente robusto e forte	[]
IT2565	fascismo	noun	Synset('omw-iwn-06217944-n')	['fascismo']	regime totalitario, al potere in Italia dal 1922 al 1943	[]
IT826	clan	noun	Synset('omw-iwn-08227214-n')	['clan', 'salotto', 'club', 'circolo']	gruppo di persone che si riunisce per uno scopo comune (spesso ricreativo)	[]
IT2724	furto	noun	Synset('omw-iwn-13262663-n')	['furto', 'bottino', 'malloppo', 'refurtiva']	ricavato di un furto	[]
IT2724	furto	noun	Synset('omw-iwn-00780889-n')	['sottrazione', 'furto']	l'impossessarsi, di nascosto, di cosa altrui	[]
IT2538	ira	noun	Synset('omw-iwn-07516354-n')	['ira', 'furia', 'rabbia', 'collera']	stato di violenta irritazione spesso accompagnato da aggressività nelle parole e nei gesti	[]
IT2044	criminale	adjective	Synset('omw-iwn-01322323-a')	['delinquenziale', 'delittuoso', 'criminoso', 'criminale']		[]
IT69	facoltà	noun	Synset('omw-iwn-05190804-n')	['Potenza', 'potere', 'facoltà']	possedere la facoltà, il potere di fare qualcosa	[]
IT835	circolo	noun	Synset('omw-iwn-08227214-n')	['clan', 'salotto', 'club', 'circolo']	gruppo di persone che si riunisce per uno scopo comune (spesso ricreativo)	[]
IT835	circolo	noun	Synset('omw-iwn-07091214-n')	['tautologia', 'circolo']	ragionamento circolare	[]
IT835	circolo	noun	Synset('omw-iwn-13873502-n')	['circolo', 'cerchio']	figura geometrica piana limitata da una curva, i cui punti sono equidistanti dal centro	[]
IT835	circolo	noun	Synset('omw-iwn-08595720-n')	['latitudine', 'parallelo', 'circolo']	linea immaginaria che percorre il globo parallelamente all'equatore	[]
IT835	circolo	noun	Synset('omw-iwn-11439031-n')	['circolazione sanguigna', 'circolo', 'circolazione']	il movimento del sangue nelle vene	[]
IT835	circolo	noun	Synset('omw-iwn-03054311-n')	['circolo']	il luogo dove il circolo si riunisce	[]
IT2181	mondo	noun	Synset('omw-iwn-00485081-n')	['mondo', 'campana']	gioco infantile	[]
IT2181	mondo	noun	Synset('omw-iwn-02472987-n')	"['società', 'mondo', 'genere umano', ""collettivita' umana"", 'razza umana', 'umanità', 'gente']"	il complesso degli esseri umani	[]
IT2181	mondo	noun	Synset('omw-iwn-09466280-n')	['macrocosmo', 'mondo', 'cosmo', 'creato', 'natura']	l'universo e tutto ciò che lo costituisce	[]
IT2181	mondo	noun	Synset('omw-iwn-06495625-n')	['mondo', 'giro', 'cerchia', 'ambiente']	ambiente, cerchia, giro	[]
IT2181	mondo	noun	Synset('omw-iwn-09239740-n')	['mondo', 'globo', 'corpo celeste', 'astro']	corpo celeste	[]
IT2181	mondo	noun	Synset('omw-iwn-09270894-n')	['globo terracqueo', 'globo terrestre', 'mondo']	la terra, il globo terrestre	[]
IT707	balla	noun	Synset('omw-iwn-06757057-n')	['bubbola', 'balla', 'favola', 'pispola', 'panzana', 'storia', 'fandonia', 'frottola']	bugia smaccata	[]
IT707	balla	noun	Synset('omw-iwn-02778456-n')	['balla']	grosso involto di merce	[]
IT1093	vacca	noun	Synset('omw-iwn-09972587-n')	['vacca']	donna grossa e sformata	[]
IT1093	vacca	noun	Synset('omw-iwn-01887787-n')	['vacca', 'mucca']	bovino femmina che ha già figliato	[]
IT1093	vacca	noun	Synset('omw-iwn-02403454-n')	['vacca', 'mucca']	bovino femmina che ha già figliato	[]
IT3176	gelosia	noun	Synset('omw-iwn-07550079-n')	['gelosia']	sentimento doloroso che nasce da un desiderio di possesso esclusivo nei confronti della persona amata e dal timore di una sua infedeltà	[]
IT3176	gelosia	noun	Synset('omw-iwn-00758335-n')	['gelosia', 'invidia']	maligno sentimento di astio e rammarico per la felicità, il benessere, la fortuna altrui	[]
IT3176	gelosia	noun	Synset('omw-iwn-05706076-n')	['gelosia']	cura vigile e attenta, scrupoloso riguardo	[]
IT3811	rovinare	verb	Synset('omw-iwn-00258857-v')	['guastare', 'rovinare', 'ledere', 'nuocere', 'danneggiare']	recar danno	[]
IT2534	rabbia	noun	Synset('omw-iwn-14271667-n')	['rabbia', 'idrofobia']	grave malattia virale di mammiferi spec. cani e lupi, che può essere trasmessa all'uomo attraverso il morso	[]
IT2534	rabbia	noun	Synset('omw-iwn-07516354-n')	['ira', 'furia', 'rabbia', 'collera']	stato di violenta irritazione spesso accompagnato da aggressività nelle parole e nei gesti	[]
IT2489	falso	adjective	Synset('omw-iwn-00584403-a')	['insincero', 'falso', 'igannevole', 'ipocrita', 'finto']	di persona che è falsa, ipocrita	[]
IT2489	falso	adjective	Synset('omw-iwn-01573238-a')	['spurio', 'contraffatto', 'falsificato', 'falso']		[]
IT3893	morire	verb	Synset('omw-iwn-02609764-v')	['morire']	terminare, fermarsi	[]
IT3893	morire	verb	Synset('omw-iwn-00358431-v')	"['decedere', 'passare a miglior vita', 'andare in cielo', 'andare al Creatore', ""andare all'altro mondo"", 'andare', 'finire', 'trapassare', 'crepare', 'schiantare', 'mancare', 'dipartirsi', 'morire']"	venir meno, morire	[]
IT2485	gregge	noun	Synset('omw-iwn-07991169-n')	['greggia', 'gregge']	gruppo di ovini raccolti insieme sotto la custodia di un pastore	[]
IT1077	stanchezza	noun	Synset('omw-iwn-14016361-n')	['fiacca', 'stanchezza', 'affaticamento', 'fatica']	stato che deriva da uno sforzo fisico o intellettuale troppo intenso o prolungato	[]
IT3413	risparmio	noun	Synset('omw-iwn-00192613-n')	['economia', 'risparmio']	il risparmiare	[]
IT1139	imprenditore	noun	Synset('omw-iwn-10060352-n')	['imprenditore']	chi organizza e dirige un'impresa economica	[]
IT2849	gola	noun	Synset('omw-iwn-09405787-n')	"['stretta', ""can'on"", 'gola', 'canyon', 'canalone']"	varco angusto	[]
IT2849	gola	noun	Synset('omw-iwn-05547508-n')	['gorgia', 'strozza', 'gola']	parte del corpo situata all'altezza del collo	[]
IT3311	mozzarella	noun	Synset('omw-iwn-07854184-n')	['mozzarella']	formaggio  tipico della Campania, a pasta bianca e morbida, prodotto con latte di bufala o di vacca	[]
IT4138	cieco	adjective	Synset('omw-iwn-02158826-a')	['non vedente', 'cieco']	cieco	[]
IT3402	comune	noun	Synset('omw-iwn-03036022-n')	['comune', 'municipio']	comune	[]
IT3402	comune	noun	Synset('omw-iwn-08541609-n')	['municipio', 'comune']	amministrazione comunale	[]
IT3402	comune	noun	Synset('omw-iwn-08225581-n')	['comune', 'comunità', 'cittadinanza']	l'insieme degli abitanti di un comune	[]
IT327	stupidità	noun	Synset('omw-iwn-05645597-n')	['idiozia', 'stupidità', 'imbecillità']	l'essere stupido, il mostrare scarsa intelligenza	[]
IT572	procuratore	noun	Synset('omw-iwn-10486909-n')	['procuratore']	chi ha una procura da parte di altri	[]
IT909	industriale	noun	Synset('omw-iwn-10204177-n')	['industriale']	lavoratore	[]
IT3780	sbaglio	noun	Synset('omw-iwn-06769392-n')	['sbaglio', 'fallo', 'errore']	il risultato dell'errare, la cosa sbagliata	[]
IT933	merda	noun	Synset('omw-iwn-14854581-n')	['cacca', 'merda', 'stronzo', 'cacata']	escremento	[]
IT51	rappresentante	noun	Synset('omw-iwn-10726786-n')	['rappresentante di commercio', 'viaggiatore di commercio', 'commesso viaggiatore', 'viaggiatore', 'rappresentante', 'commesso', 'agente di commercio']	chi promuove qualcosa a nome di altri	[]
IT51	rappresentante	noun	Synset('omw-iwn-10522035-n')	['rappresentante']	chi in particolari attività o funzioni rappresenta altre persone o lo stato	[]
IT2354	gente	noun	Synset('omw-iwn-02472987-n')	"['società', 'mondo', 'genere umano', ""collettivita' umana"", 'razza umana', 'umanità', 'gente']"	il complesso degli esseri umani	[]
IT2354	gente	noun	Synset('omw-iwn-08160276-n')	['gente', 'massa', 'popolo']	il complesso dei cittadini	[]
IT2354	gente	noun	Synset('omw-iwn-07942152-n')	['gente']	insieme di persone cotraddistinte da una caratteristica comune: gente di campagna, di città, di cultura, di chiesa	[]
IT2354	gente	noun	Synset('omw-iwn-07970721-n')	['casato', 'ascendenza', 'prosapia', 'genia', 'ceppo', 'razza', 'schiatta', 'lignaggio', 'casata', 'stirpe', 'famiglia', 'gente']	l'insieme delle famiglie con uno stesso capostipite	[]
IT1142	affari	noun	Synset('omw-iwn-01095753-n')	"[""attivita' economica"", 'commercio', 'scambio', 'negozio', 'business', 'affari', 'negoziazione', 'mercatura']"	attività economica	[]
IT4319	prendere	verb	Synset('omw-iwn-01214265-v')	['pigliare', 'prendere']	afferrare	[]
IT4319	prendere	verb	Synset('omw-iwn-00358135-v')	['barbicare', 'radicare', 'allignare', 'tenere', 'prendere', 'attecchire', 'attaccare']	apprendersi al terreno	[]
IT4319	prendere	verb	Synset('omw-iwn-00543016-v')	['prendere']	accendersi (detto di fuoco)	[]
IT4319	prendere	verb	Synset('omw-iwn-02321757-v')	['prendere', 'fregare', 'abbrancare', 'arraffare']	impossessarsi con la violenza, con la forza o con la truffa di beni altrui	[]
IT4319	prendere	verb	Synset('omw-iwn-02210855-v')	['avere', 'prendere', 'trarre', 'ricevere', 'acquisire', 'ottenere']	venire in possesso di qualcosa di concreto o di astratto	[]
IT3076	voglia	noun	Synset('omw-iwn-07484265-n')	['brama', 'bramosia', 'voglia', 'desiderio', 'vaghezza']	desiderio intenso causato da stimoli indipendenti dalla volontà	[]
IT3076	voglia	noun	Synset('omw-iwn-04692638-n')	['voglia']	macchia della pelle dovuta a pigmentazione abnorme	[]
IT1826	gobbo	noun	Synset('omw-iwn-10192412-n')	['gobbo', 'gibbosità', 'gobba']	rigonfiamento, gobba	[]
IT2824	popolo	noun	Synset('omw-iwn-08166552-n')	['paese', 'nazione', 'popolo']	insieme di individui legati da comunanza di tradizioni storiche, lingua, costumi, ed aventi coscienza di tali vincoli	[]
IT2824	popolo	noun	Synset('omw-iwn-08180639-n')	['classe lavoratrice', 'proletariato', 'popolo']		[]
IT2824	popolo	noun	Synset('omw-iwn-08180190-n')	['volgo', 'popolo', 'classe inferiore', 'ceto inferiore', 'plebe']		[]
IT2824	popolo	noun	Synset('omw-iwn-07947255-n')	['volgo', 'popolo', 'classe inferiore', 'ceto inferiore', 'plebe']		[]
IT2824	popolo	noun	Synset('omw-iwn-08160276-n')	['gente', 'massa', 'popolo']	il complesso dei cittadini	[]
IT4673	romanó	noun	Synset('omw-iwn-09716933-n')	['romano']	abitante o nativo di Roma	[]
IT1304	cattivo	adjective	Synset('omw-iwn-00997036-a')	['cattivo', 'avverso', 'negativo', 'sfavorevole', 'infausto']	sfavorevole, svantaggioso	[]
IT1304	cattivo	adjective	Synset('omw-iwn-01611067-a')	['temibile', 'pericoloso', 'maligno', 'nocivo', 'cattivo', 'insidioso']	che nuoce	[]
IT1304	cattivo	adjective	Synset('omw-iwn-00089355-a')	['spiacevole', 'sgradevole', 'cattivo']	che non incontra il gusto, che non piace	[]
IT1304	cattivo	adjective	Synset('omw-iwn-01092572-a')	['cattivo', 'inefficiente', 'difettoso', 'manchevole.', 'impotente']	difettoso, insufficiente	[]
IT2031	reato	noun	Synset('omw-iwn-00766234-n')	['reato', 'misfatto', 'crimine', 'delitto']	atto commesso in violazione di norme legali e morali	[]
IT4265	sporco	adjective	Synset('omw-iwn-00419289-a')	['immondo', 'lercio', 'sozzo', 'sordido', 'lurido', 'laido', 'lordo', 'sudicio', 'sporco']	Che è sporco, macchiato, imbrattato, unto	[]
IT2231	folle	adjective	Synset('omw-iwn-02572038-a')	['irragionevole', 'dissennato', 'folle', 'insensato', 'pazzo', 'pazzesco']	si dice di comportamento, azione, idea, progetto degno di un pazzo	[]
IT2231	folle	adjective	Synset('omw-iwn-02075321-a')	['demente', 'dissennato', 'mentecatto', 'matto', 'folle', 'pazzo']	si dice di persona che non ragiona, malata di mente	[]
IT448	ritardo	noun	Synset('omw-iwn-01066881-n')	['indugio', 'posticipazione', 'ritardo']	il ritardare	[]
IT448	ritardo	noun	Synset('omw-iwn-15272029-n')	['ritardo']	il tempo di cui si ritarda	[]
IT2912	ideologia	noun	Synset('omw-iwn-06212839-n')	['ideologia']	teoria e insieme di idee	[]
IT1149	borghese	adjective	Synset('omw-iwn-00260780-a')	['borghese']		[]
IT1074	noia	noun	Synset('omw-iwn-07539790-n')	['tedio', 'noia', 'uggia', 'accidia']	sentimento di fastidio, stanchezza interiore e disinteresse nei confronti della vita propria e altrui	[]
IT941	illegittimo	noun	Synset('omw-iwn-09842823-n')	['bastardo', 'figlio-naturale', 'illegittimo']	persona di nascita illegittima	[]
IT2278	indegno	adjective	Synset('omw-iwn-00689471-a')	['indecente', 'indegno', 'indecoroso']	privo di dignità e decoro	[]
IT2278	indegno	adjective	Synset('omw-iwn-02588421-a')	['indegno', 'immeritevole']	che non è degno di merito	[]
IT900	nero	noun	Synset('omw-iwn-09636339-n')	['moro', 'nero', 'negro']	uomo di razza nera	[]
IT900	nero	noun	Synset('omw-iwn-10079893-n')	['nero', 'fascista']	seguace del fascismo	[]
IT2626	curioso	noun	Synset('omw-iwn-10378026-n')	['curioso', 'ficcanaso', 'indiscreto', 'impiccione']	persona che si interessa troppo ai fatti altrui	[]
IT4077	intelligente	adjective	Synset('omw-iwn-00281173-a')	['geniale', 'buono', 'intelligente', 'acuto']	Che rivela intelligenza	[]
IT4077	intelligente	adjective	Synset('omw-iwn-01334398-a')	['intelligente']	che è dotato di intelligenza	[]
IT478	palla	noun	Synset('omw-iwn-05524615-n')	['gonade', 'coglione', 'palla', 'testicolo']	ghiandola riproduttiva maschile	[]
IT478	palla	noun	Synset('omw-iwn-13899404-n')	['palla']	qualunque oggetto di forma sferica	[]
IT478	palla	noun	Synset('omw-iwn-02950943-n')	['palla']	proiettile per cannoni	[]
IT656	squillo	noun	Synset('omw-iwn-10485440-n')	['donnina allegra', 'baiadera', 'donnaccia', 'donna di malaffare', 'peripatetica', 'troia', 'zoccola', 'mignotta', 'passeggiatrice', 'bagascia', 'baldracca', 'battona', 'puttana', 'meretrice', 'prostituta', 'donnina', 'squillo', 'call girl', 'donna di vita', 'donna di strada']	donna che si guadagna da vivere prostituendosi	[]
IT656	squillo	noun	Synset('omw-iwn-07391863-n')	['squillo']	suono forte, di breve durata	[]
IT2082	odio	noun	Synset('omw-iwn-07501545-n')	['antipatia', 'avversione', 'intolleranza', 'insofferenza', 'odio', 'malanimo']	avversione, antipatia, insofferenza per qualcuno o qualcosa	[]
IT2082	odio	noun	Synset('omw-iwn-07546465-n')	['odio']	sentimento di forte ostilità nei confronti di qualcuno, tanto da desiderarne il male	[]
IT3424	crudele	adjective	Synset('omw-iwn-01263013-a')	['tristo', 'feroce', 'empio', 'crudo', 'perverso', 'terribile', 'perfido', 'scellerato', 'crudele', 'malvagio', 'disumano', 'selvaggio']	malvagio	[]
IT3905	andare	verb	Synset('omw-iwn-02659763-v')	['calzare', 'andare']	essere adatto, calzare	[]
IT3905	andare	verb	Synset('omw-iwn-00358431-v')	"['decedere', 'passare a miglior vita', 'andare in cielo', 'andare al Creatore', ""andare all'altro mondo"", 'andare', 'finire', 'trapassare', 'crepare', 'schiantare', 'mancare', 'dipartirsi', 'morire']"	venir meno, morire	[]
IT2695	maiale	noun	Synset('omw-iwn-07668702-n')	['maiale']	la carne di maiale come cibo	[]
IT2695	maiale	noun	Synset('omw-iwn-02395406-n')	['porco', 'maiale', 'suino']	mammifero onnivoro, domestico, allevato per la sua carne	[]
IT2695	maiale	noun	Synset('omw-iwn-10179649-n')	['sporcaccione', 'maiale', 'porco', 'sudicione']	persona sporca in senso materiale o morale	[]
IT1307	basso	adjective	Synset('omw-iwn-01951008-a')	['basso']	poco elevato dal suolo o da un altro piano di riferimento	[]
IT1307	basso	adjective	Synset('omw-iwn-01206474-a')	['basso']	poco elevato dal suolo o da un altro piano di riferimento	[]
IT1307	basso	adjective	Synset('omw-iwn-02386612-a')	['brevilineo', 'basso']	piccolo di statura	[]
IT1307	basso	adjective	Synset('omw-iwn-01212469-a')	['basso']	poco elevato dal suolo o da un altro piano di riferimento	[]
IT2668	scopare	verb	Synset('omw-iwn-01393996-v')	['scopare', 'spazzare']	pulire i pavimenti con la scopa o altro arnese simile	[]
IT2668	scopare	verb	Synset('omw-iwn-01426397-v')	"['fare sesso', ""fare all'amore"", 'copulare', 'scopare', ""fare l'amore"", 'accoppiarsi']"	congiungersi sessualmente	[]
IT581	barone	noun	Synset('omw-iwn-09840520-n')	['barone']	nobile con titolo di barone	[]
IT581	barone	noun	Synset('omw-iwn-09840217-n')	['barone']	chi detiene un grande potere economico	[]
IT545	legale	noun	Synset('omw-iwn-09775663-n')	['legale', 'avvocato']	un professionista	[]
IT2282	indecente	adjective	Synset('omw-iwn-00689471-a')	['indecente', 'indegno', 'indecoroso']	privo di dignità e decoro	[]
IT3440	infame	adjective	Synset('omw-iwn-01984411-a')	['nefando', 'infame']	detto di persona o azione spregevole	[]
IT4342	povero	adjective	Synset('omw-iwn-02336904-a')	['esiguo', 'povero', 'scarso', 'insufficiente', 'gramo']	piccolo, scarso	[]
IT4342	povero	adjective	Synset('omw-iwn-02025498-a')	['indigente', 'misero', 'povero', 'bisognoso', 'meschino', 'bisognevole']	povero	[]
IT3665	latino	noun	Synset('omw-iwn-06962600-n')	['latino']	lingua dell'antica Roma e poi del Lazio	[]
IT3744	cieco	noun	Synset('omw-iwn-05536370-n')	['intestino-cieco', 'cieco']	tratto iniziale dell'intestino crasso	[]
IT3744	cieco	noun	Synset('omw-iwn-09860130-n')	['cieco', 'non vedente', 'orbo']	chi è privo del senso della vista	[]
IT4109	gallina	noun	Synset('omw-iwn-01792640-n')	['gallina']	femmina adulta del pollo, allevata in numerose varietà per le uova e la carne	[]
IT4644	aggressione	noun	Synset('omw-iwn-00972621-n')	['attacco', 'carica', 'aggressione', 'assalto']	la carica di un esercito ostile	[]
IT4644	aggressione	noun	Synset('omw-iwn-00964569-n')	['aggressione']	l'aggredire	[]
IT920	stronzo	noun	Synset('omw-iwn-09815188-n')	['stronzo']	persona stupida o malvagia	[]
IT920	stronzo	noun	Synset('omw-iwn-14854581-n')	['cacca', 'merda', 'stronzo', 'cacata']	escremento	[]
IT646	vittima	noun	Synset('omw-iwn-09899671-n')	['vittima']	chi perde la vita o subisce gravi danni in seguito a sventure	[]
IT646	vittima	noun	Synset('omw-iwn-09899782-n')	['vittima']	chi perde la vita o subisce gravi danni in seguito a sventure	[]
IT3441	corrotto	adjective	Synset('omw-iwn-00621100-a')	['perduto', 'corrotto', 'peccaminoso', 'vizioso']	detto di chi o cosa è moralmente corrotto e corruttibile	[]
IT3253	composto	noun	Synset('omw-iwn-14586258-n')	['mistura', 'miscellanea', 'mix', 'agglomerato', 'amalgama', 'pasticcio', 'impasto', 'mistione', 'mescola', 'melange', 'composto', 'miscela', 'misto', 'miscuglio', 'mescolanza', 'pastone']	mescolanza di due o più sostanze	[]
IT3253	composto	noun	Synset('omw-iwn-14818238-n')	['composto chimico', 'composto']		[]
IT473	teste	noun	Synset('omw-iwn-10786033-n')	['testimone', 'teste']	persona chiamata a deporre ad un processo	[]
IT3757	normale	adjective	Synset('omw-iwn-00489491-a')	['consueto', 'solito', 'abituale', 'normale', 'ordinario', 'usuale']	non caratterizzato da eventi eccezionali o da elementi insoliti o stravaganti	[]
IT3757	normale	adjective	Synset('omw-iwn-01720280-a')	['ortogonale', 'perpendicolare', 'normale']	che forma un angolo retto	[]
IT738	tempesta	noun	Synset('omw-iwn-11518494-n')	['fortunale', 'buriana', 'temporale', 'procella', 'bufera', 'burrasca', 'tempesta']	violenta tempesta di mare o di vento	[]
IT738	tempesta	noun	Synset('omw-iwn-11462526-n')	['fortunale', 'buriana', 'temporale', 'procella', 'bufera', 'burrasca', 'tempesta']	violenta tempesta di mare o di vento	[]
IT738	tempesta	noun	Synset('omw-iwn-13976322-n')	['tregenda', 'bordello', 'baraonda', 'vespaio', 'marasma', 'sarabanda', 'putiferio', 'rivoluzione', 'quarantotto', 'casino', 'pandemonio', 'tempesta']	stato di grande confusione e turbamento	[]
IT1109	boss	noun	Synset('omw-iwn-10104064-n')	['boss']	capo	[]
IT2065	sporco	noun	Synset('omw-iwn-14498096-n')	['sporcizia', 'sporco']		[]
IT3272	vaso	noun	Synset('omw-iwn-05417975-n')	['vaso', 'vaso sanguigno']		[]
IT3272	vaso	noun	Synset('omw-iwn-04522168-n')	['vaso']	recipiente di varia forma e dimensione	[]
IT3432	cattiveria	noun	Synset('omw-iwn-04827957-n')	['cattiveria']		[]
IT2256	morale	noun	Synset('omw-iwn-14374273-n')	['morale']	stato psicologico di un individuo	[]
IT2256	morale	noun	Synset('omw-iwn-06606044-n')	['morale']	insegnamento derivato da una favola o una storia	[]
IT2256	morale	noun	Synset('omw-iwn-06663617-n')	['etica', 'morale']	il complesso delle norme che regolano la vita individuale e sociale	[]
IT2256	morale	noun	Synset('omw-iwn-06159473-n')	['morale', 'etica']	branca della filosofia	[]
IT824	banda	noun	Synset('omw-iwn-04339291-n')	['lista', 'fascia', 'nastro', 'banda', 'striscia']	pezzo di materiale di forma lunga e stretta e di poco spessore	[]
IT824	banda	noun	Synset('omw-iwn-06260628-n')	['gamma di frequenza', 'gamma', 'banda di frequenza', 'banda']	intervallo compreso tra due frequenze limite o intorno a una frequenza media	[]
IT824	banda	noun	Synset('omw-iwn-02784732-n')	['banda']	striscia di stoffa applicata ad un abito, per lo più di colore diverso	[]
IT1925	signora	noun	Synset('omw-iwn-09989290-n')	['signora']	donna di condizione sociale o di comportamento nobile	[]
IT1925	signora	noun	Synset('omw-iwn-10780632-n')	['sposa', 'signora', 'moglie']	la donna sposata, con riferimento al marito	[]
IT710	bugia	noun	Synset('omw-iwn-12024176-n')	['soffione', 'tarassaco', 'dente-di-leone', 'bugia', 'pisciacane', 'piscialletto']	pianta erbacea annuale diffusa nelle regioni temperate	[]
IT1972	corte	noun	Synset('omw-iwn-03120198-n')	['corte', 'cortile']	cortile	[]
IT1972	corte	noun	Synset('omw-iwn-03877845-n')	['corte', 'palazzo reale', 'reggia']	l'abitazione del re, la sua residenza	[]
IT1972	corte	noun	Synset('omw-iwn-08051946-n')	['corte']	il sovrano, la sua famiglia e il suo seguito	[]
IT1	fango	noun	Synset('omw-iwn-14956325-n')	['mota', 'melma', 'sapropel', 'loto', 'limo', 'fanghiglia', 'fango']	impasto di materiali terrosi, ceneri vulcaniche ecc., con acqua	[]
IT1734	rifiuto	noun	Synset('omw-iwn-14857497-n')	['sporcizia', 'scarto', 'spazzatura', 'immondizia', 'pattume', 'rifiuto']	spazzatura	[]
IT1734	rifiuto	noun	Synset('omw-iwn-07205573-n')	['negazione', 'diniego', 'rifiuto']	atto del rifiutare	[]
IT4228	sequestro	noun	Synset('omw-iwn-00087218-n')	['sequestro']	il ritirare da parte dell'autorità giudiziaria oggetti incriminati o il corpo di un reato	[]
IT2431	puzza	noun	Synset('omw-iwn-05714894-n')	['zaffata', 'tanfata', 'lezzo', 'tanfo', 'fortore', 'afrore', 'puzza', 'sito', 'puzzo', 'pestilenza', 'fetore']	odore molto penetrante e sgradevole	[]
IT3175	invidia	noun	Synset('omw-iwn-00758335-n')	['gelosia', 'invidia']	maligno sentimento di astio e rammarico per la felicità, il benessere, la fortuna altrui	[]
IT4004	rumore	noun	Synset('omw-iwn-07223450-n')	['scalpore', 'rumore', 'fama']	voce, notizia che si diffonde rapidamente e universalmente	[]
IT4004	rumore	noun	Synset('omw-iwn-07223170-n')	['rumore', 'pettegolezzo', 'diceria']	notizia senza fondamento, ciarla maligna	[]
IT4004	rumore	noun	Synset('omw-iwn-07430770-n')	['rumore']	segnale elettrico che disturba	[]
IT1855	cucciolo	noun	Synset('omw-iwn-01322604-n')	['cucciolo']	piccolo del cane	[]
IT1855	cucciolo	noun	Synset('omw-iwn-01321579-n')	['cucciolo', 'piccolo']	animale giovane, nato da poco	[]
IT1356	casinò	noun	Synset('omw-iwn-02977936-n')	['casa da gioco', 'casinò']	luogo dove si gioca alla roulette e a vari giochi	[]
IT2472	dilemma	noun	Synset('omw-iwn-05686086-n')	['dilemma']	problema di difficile risoluzione	[]
IT1075	pizza	noun	Synset('omw-iwn-07873807-n')	['pizza']	focaccia fatta di farina, lievito e acqua, per lo più insaporita con pomodoro e mozzarella	[]
IT612	pesce	noun	Synset('omw-iwn-07775375-n')	['pesce']	il pesce commestibile usato come alimento	[]
IT612	pesce	noun	Synset('omw-iwn-02512053-n')	['pesce']	animale vertebrato acquatico	[]
IT1646	giornalista	noun	Synset('omw-iwn-10224578-n')	['giornalista']	professionista	[]
IT2539	accanimento	noun	Synset('omw-iwn-07516997-n')	['furore', 'accanimento']	odio intenso	[]
IT2690	porco	noun	Synset('omw-iwn-02395406-n')	['porco', 'maiale', 'suino']	mammifero onnivoro, domestico, allevato per la sua carne	[]
IT2690	porco	noun	Synset('omw-iwn-10179649-n')	['sporcaccione', 'maiale', 'porco', 'sudicione']	persona sporca in senso materiale o morale	[]
IT1302	brutto	adjective	Synset('omw-iwn-02082611-a')	['insoddisfacente', 'deludente', 'brutto']	che delude, che non soddisfa le esigenze o le aspettative	[]
IT1302	brutto	adjective	Synset('omw-iwn-01133017-a')	['brutto']	moralmente deprecabile	[]
IT1302	brutto	adjective	Synset('omw-iwn-00304949-a')	['ostile', 'brutto', 'inclemente', 'burrascoso', 'turbolento']	detto del clima e dei fenomeni atmosferici	[]
IT3116	prestito	noun	Synset('omw-iwn-13398953-n')	['prestito']	somma di denaro da restituire con gli interessi in un tempo determinato	[]
IT3116	prestito	noun	Synset('omw-iwn-01093666-n')	['prestito']	prestare qualunque tipo di oggetto o denaro	[]
IT3116	prestito	noun	Synset('omw-iwn-06293460-n')	['prestito']	vocabolo preso in prestito da un'altra lingua	[]
IT50	agente	noun	Synset('omw-iwn-09777353-n')	['agente']	chi compie determinati servizi per conto di altri	[]
IT50	agente	noun	Synset('omw-iwn-10448983-n')	['birro', 'sbirro', 'agente', 'segugio', 'agente di polizia', 'poliziotto', 'piedipiatti']	poliziotto	[]
IT50	agente	noun	Synset('omw-iwn-14778436-n')	['agente']	fattore chimico, fisico o biologico in grado di determinare una certa azione	[]
IT2176	marea	noun	Synset('omw-iwn-07402519-n')	['marea']	movimento periodico delle acque del mare il cui livello si alza e si abbassa a fasi alterne quattro volte al giorno	[]
IT1322	associazione	noun	Synset('omw-iwn-08112096-n')	['categoria', 'corporazione', 'classe', 'ordine', 'associazione']	unione di persone con medesimo ruolo e scopo	[]
IT1322	associazione	noun	Synset('omw-iwn-05771532-n')	['associazione']	il collegarsi nella mente, secondo certe affinità, di sensazioni e immagini	[]
IT1322	associazione	noun	Synset('omw-iwn-01081628-n')	['associazione']	atto di associare o di associarsi	[]
IT1322	associazione	noun	Synset('omw-iwn-08049401-n')	['categoria', 'corporazione', 'classe', 'ordine', 'associazione']	unione di persone con medesimo ruolo e scopo	[]
IT307	zucca	noun	Synset('omw-iwn-05538625-n')	['capo', 'testa', 'zucca', 'chiorba', 'capoccia', 'cranio']	negli uomini e negli animali, la parte del corpo che contiene il cervello e i principali organi di senso	[]
IT307	zucca	noun	Synset('omw-iwn-07735510-n')	['zucca']	frutto della zucca a polpa gialla e farinosa, di sapore dolciastro, che viene cucinato in vari modi	[]
IT307	zucca	noun	Synset('omw-iwn-12158443-n')	['zucca']	pianta con fusti striscianti o rampicanti e frutti sferici, globosi, grandi fino a 80 cm, commestibili	[]
IT4419	politico	adjective	Synset('omw-iwn-01814385-a')	['politico']	Che concerne la politica	[]
IT1852	tortura	noun	Synset('omw-iwn-00421437-n')	['martirio', 'sevizia', 'supplizio', 'tortura']	atto di efferata violenza fisica e morale compiuta su una persona o anche su un animale	[]
IT1033	lupo	noun	Synset('omw-iwn-09845589-n')	['lupo']	uomo malvagio	[]
IT1033	lupo	noun	Synset('omw-iwn-02106662-n')	"['cane lupo', 'pastore tedesco', 'alsaziano', 'lupo', ""lupo-d'Alsazia""]"	cane pastore di taglia grossa, di colore scuro con focature regolari più chiare, impiegato anche per la difesa e per la guardia	[]
IT1033	lupo	noun	Synset('omw-iwn-02114100-n')	['lupo']	costellazione	[]
IT3159	membro	noun	Synset('omw-iwn-03081021-n')	['membro', 'elemento', 'costituente', 'componente']	parte di un'entità	[]
IT2169	portiere	noun	Synset('omw-iwn-09895701-n')	['portinaio', 'portiere']	chi custodisce la porta negli edifici di abitazione	[]
IT2169	portiere	noun	Synset('omw-iwn-10134001-n')	['portiere']	chi gioca stando a difesa della porta	[]
IT1275	boia	noun	Synset('omw-iwn-10069427-n')	['giustiziere', 'carnefice', 'boia']	chi esegue materialmente una condanna capitale	[]
IT918	bastardo	noun	Synset('omw-iwn-01327322-n')	['incrocio', 'ibrido', 'bastardo', 'mezzosangue', 'sangue-misto', 'meticcio']	animale o pianta nati da incrocio di razze	[]
IT918	bastardo	noun	Synset('omw-iwn-09842823-n')	['bastardo', 'figlio-naturale', 'illegittimo']	persona di nascita illegittima	[]
IT1277	cattivo	noun	Synset('omw-iwn-09831962-n')	['cattivo', 'malvagio']	persona cattiva	[]
IT2251	etica	noun	Synset('omw-iwn-06159473-n')	['morale', 'etica']	branca della filosofia	[]
IT2251	etica	noun	Synset('omw-iwn-06663617-n')	['etica', 'morale']	il complesso delle norme che regolano la vita individuale e sociale	[]
IT205	immondizia	noun	Synset('omw-iwn-14857497-n')	['sporcizia', 'scarto', 'spazzatura', 'immondizia', 'pattume', 'rifiuto']	spazzatura	[]
IT4366	mediocre	noun	Synset('omw-iwn-10569179-n')	['mediocrità', 'mediocre']	persona che non si distingue in nessun modo	[]
IT2314	arrogante	adjective	Synset('omw-iwn-01889819-a')	['tracotante', 'presuntuoso', 'altezzoso', 'arrogante', 'spavaldo', 'supponente']	che è arrogante	[]
IT4067	sega	noun	Synset('omw-iwn-03996145-n')	['sega']	utensile costituito da una lama di acciaio dentata	[]
IT42	abuso	noun	Synset('omw-iwn-00735832-n')	['arbitrio', 'abuso', 'prevaricazione']	atto d'abuso	[]
IT42	abuso	noun	Synset('omw-iwn-00947719-n')	['abuso']	uso eccessivo	[]
IT2113	sedere	noun	Synset('omw-iwn-05559256-n')	['deretano', 'fondo schiena', 'culo', 'sedere']	la parte del corpo su cui si sta seduti	[]
IT628	pollo	noun	Synset('omw-iwn-01791625-n')	['pollo']	nome generico per gallo o gallina	[]
IT3425	feroce	adjective	Synset('omw-iwn-01263013-a')	['tristo', 'feroce', 'empio', 'crudo', 'perverso', 'terribile', 'perfido', 'scellerato', 'crudele', 'malvagio', 'disumano', 'selvaggio']	malvagio	[]
IT908	re	noun	Synset('omw-iwn-10628644-n')	['regnante', 're', 'sovrano', 'monarca']	il capo di uno stato in cui vige la monarchia	[]
IT908	re	noun	Synset('omw-iwn-03618101-n')	['re']	il pezzo più importante nel gioco degli scacchi	[]
IT908	re	noun	Synset('omw-iwn-06868445-n')	['re']	nota musicale	[]
IT2535	furia	noun	Synset('omw-iwn-07516354-n')	['ira', 'furia', 'rabbia', 'collera']	stato di violenta irritazione spesso accompagnato da aggressività nelle parole e nei gesti	[]
IT2535	furia	noun	Synset('omw-iwn-05037813-n')	['furia']	violenza incontrastata, ad es. di fenomeni atmosferici	[]
IT3918	patetico	adjective	Synset('omw-iwn-01050890-a')	['patetico']	che suscita commozione e pietà	[]
IT706	falso	noun	Synset('omw-iwn-06756407-n')	['falso', 'falsità', 'fola', 'invenzione']	affermazione falsa	[]
IT1192	arroganza	noun	Synset('omw-iwn-04887912-n')	['protervia', 'arroganza']	superbia ostinata e provocatoria	[]
IT157	battuta	noun	Synset('omw-iwn-00977301-n')	['battimento', 'battuta']	il battere	[]
IT4219	escluso	adjective	Synset('omw-iwn-02110447-a')	['escluso', 'emarginato']	detto di persona non inserita o esclusa da un contesto sociale	[]
IT1842	incrocio	noun	Synset('omw-iwn-03581125-n')	['incrocio', 'intersezione']	luogo dove due o più strade si incrociano	[]
IT1842	incrocio	noun	Synset('omw-iwn-01327322-n')	['incrocio', 'ibrido', 'bastardo', 'mezzosangue', 'sangue-misto', 'meticcio']	animale o pianta nati da incrocio di razze	[]
IT4325	pazzo	adjective	Synset('omw-iwn-02572038-a')	['irragionevole', 'dissennato', 'folle', 'insensato', 'pazzo', 'pazzesco']	si dice di comportamento, azione, idea, progetto degno di un pazzo	[]
IT4325	pazzo	adjective	Synset('omw-iwn-02075321-a')	['demente', 'dissennato', 'mentecatto', 'matto', 'folle', 'pazzo']	si dice di persona che non ragiona, malata di mente	[]
IT2774	povero	noun	Synset('omw-iwn-09847010-n')	['questuante', 'povero', 'pezzente', 'mendicante', 'mendico', 'accattone', 'postulante']	persona che vive di accattonaggio	[]
IT4482	fiero	adjective	Synset('omw-iwn-01889256-a')	['fiero']	consapevole del proprio valore	[]
IT2432	sito	noun	Synset('omw-iwn-05714894-n')	['zaffata', 'tanfata', 'lezzo', 'tanfo', 'fortore', 'afrore', 'puzza', 'sito', 'puzzo', 'pestilenza', 'fetore']	odore molto penetrante e sgradevole	[]
IT3382	maleducazione	noun	Synset('omw-iwn-04914292-n')	['malacreanza', 'ineducazione', 'scortesia', 'maleducazione', 'villania']	mancanza di rispetto per le regole della buona educazione e del vivere civile	[]
IT4641	violenza	noun	Synset('omw-iwn-00965404-n')	['violenza']	atto violento, con cui si sopraffà la volontà altrui	[]
IT4148	cinese	adjective	Synset('omw-iwn-02964782-a')	['cinese']	della Cina o relativo al popolo, alla cultura o alla lingua cinese	[]
IT1143	borghese	noun	Synset('omw-iwn-09869830-n')	['borghese']	chi appartiene alla borghesia, al ceto medio	[]
IT4076	accorto	adjective	Synset('omw-iwn-01306273-a')	['accorto', 'informato', 'edotto']	che sa, che è informato o avvertito	[]
IT4076	accorto	adjective	Synset('omw-iwn-00438909-a')	['cauto', 'prudente', 'oculato', 'sagace', 'avveduto', 'accorto']	che agisce con prudenza e cautela	[]
IT549	avvocato	noun	Synset('omw-iwn-09775663-n')	['legale', 'avvocato']	un professionista	[]
IT3642	moro	noun	Synset('omw-iwn-12399132-n')	['gelso', 'moro', 'morone']	albero alto fino a 20 m che produce more commestibili e grandi foglie carnose di cui si nutrono i bachi da seta, nome comune del gelso bianco e del gelso nero	[]
IT3642	moro	noun	Synset('omw-iwn-09636339-n')	['moro', 'nero', 'negro']	uomo di razza nera	[]
