ID,PoS,Category,Stereotype,Lemma,Synset_id,Synset_Lemma,Definition,Example
AR691,a,cds,no,أبله,[no_synset],[no_synset_lemma],شخص شديد الغباء والسذاجة,لا تكن أبله وتصدق كل ما يقال لك.
AR223,n,an,no,أتان,[no_synset],[no_synset_lemma],شتيمة للمرأة تصفها بالغباء أو العناد,إنها عنيدة مثل الأتان.
AR1221,n,pa,yes,أجير,['omw-arb-10053808-n'],[no_synset_lemma],شخص يعمل لمصلحة غيره بلا مبدأ، مرتزق,هذا الكاتب مجرد أجير يكتب لمن يدفع له.
AR2616,a,ddp,yes,أحمق,[no_synset],[no_synset_lemma],وصف لشخص قليل العقل والتفكير,لا تستمع إليه، إنه رجل أحمق.
AR2302,n,dmc,yes,أراجوز,[no_synset],[no_synset_lemma],شخص تافه يتلاعب به الآخرون,لقد كان مجرد أراجوز في أيديهم.
AR868,n,an,no,أرنب,['omw-arb-07666521-n'],[no_synset_lemma],وصف للرجل الجبان الذي يخشى المواجهة,هرب من المشكلة مثل الأرنب.
AR2460,a,ps,yes,أسود,['omw-arb-00392812-a'],[no_synset_lemma],تستخدم أحياناً كإهانة عنصرية للإشارة إلى لون البشرة,"ناداه بـ ""يا أسود"" بقصد إهانته."
AR1397,n,cds,no,أصولية,[no_synset],[no_synset_lemma],وصف ازدرائي لشخص متشدد في أفكاره الدينية أو السياسية,أفكاره رجعية، فهو شخصية أصولية.
AR94,n,cds,no,أضحوكة,['omw-arb-00427580-n'],[no_synset_lemma],شخص أو شيء مثير للسخرية الشديدة,بسبب تصرفاته الغريبة، أصبح أضحوكة البلدة.
AR383,n,ps,yes,أعرابي,[no_synset],[no_synset_lemma],وصف يستخدم للتقليل من شأن شخص واعتباره بدائياً أو غير متحضر,يتصرف كالأعرابي الجاهل.
AR2477,a,ddf,yes,أعرج,[no_synset],[no_synset_lemma],إهانة تستخدم عيباً جسدياً للتحقير أو الإشارة إلى خلل ما,خطته كلها عرجاء ولن تنجح.
AR2461,a,ddf,yes,أعمى,['omw-arb-02168555-v'],[no_synset_lemma],شخص يرفض رؤية الحقيقة، جاهل عن عمد,إنه أعمى البصيرة لا يرى فساده.
AR2316,v,qas,no,أفسد,"['omw-arb-00295563-v', 'omw-arb-02579447-v', 'omw-arb-00276214-v', 'omw-arb-00477941-v', 'omw-arb-02527651-v']",[no_synset_lemma],فعل يصف إلحاق الضرر الأخلاقي أو المادي,لقد أفسد الشباب بأفكاره المسمومة.
AR2290,n,an,no,أفعى,['omw-arb-01726692-n'],[no_synset_lemma],وصف لشخص غادر وماكر وخبيث,احذر منها، إنها أفعى سامة.
AR390,n,qas,no,أكذوبة,[no_synset],[no_synset_lemma],شيء غير حقيقي بالكامل، أو شخص حياته قائمة على الكذب,كل وعوده كانت أكذوبة كبيرة.
AR125,n,ddp,yes,أمي,[no_synset],[no_synset_lemma],شخص جاهل أو قليل المعرفة، ليس فقط من لا يقرأ ويكتب,إنه أمي في السياسة لا يفقه شيئاً.
AR591,n,cds,no,أناني,[no_synset],[no_synset_lemma],شخص لا يهتم إلا بمصلحته الشخصية على حساب الآخرين,هو شخص أناني لا يفكر إلا في نفسه.
AR165,n,ddp,yes,أنعام,[no_synset],[no_synset_lemma],وصف مهين لمجموعة من الناس بأنهم كالبهائم لا يفكرون,الجماهير تسير خلفه كالأنعام.
AR728,n,ddp,yes,أوباش,[no_synset],[no_synset_lemma],مجموعة من الناس المنحطين أخلاقياً وسلوكياً,هؤلاء الأوباش سبب كل المشاكل.
AR2211,n,an,no,أوزة,[no_synset],[no_synset_lemma],إهانة لامرأة توصف بالغباء أو السذاجة,لا تكوني أوزة وتصدقي كلامه المعسول.
AR795,n,asm,no,أير,[no_synset],[no_synset_lemma],كلمة بذيئة جداً تشير إلى العضو الذكري، وتستخدم كشتيمة قاسية,توقف عن التصرف كالأير.
AR2585,n,an,no,إبن آوى,[no_synset],[no_synset_lemma],وصف لشخص انتهازي وجبان وماكر,إنه مثل ابن آوى، يهاجم فقط عندما يكون خصمه ضعيفاً.
AR1268,n,dmc,yes,إثم,"['omw-arb-00757080-n', 'omw-arb-00745637-n']",[no_synset_lemma],خطيئة أو ذنب عظيم,حياتك مليئة بالآثام.
AR2492,n,re,no,إختطاف,[no_synset],[no_synset_lemma],أخذ شخص بالقوة واحتجازه رغماً عنه,جريمة اختطاف الأطفال هزت المدينة.
AR2553,v,re,no,إختلس,['omw-arb-02321757-v'],[no_synset_lemma],سرقة المال المؤتمن عليه بخفية وخيانة,اختلس الموظف أموال الشركة وهرب.
AR2670,n,re,no,إرهاب,['omw-arb-00759694-n'],[no_synset_lemma],ترويع الآمنين وإخافتهم لتحقيق أهداف سياسية,الإرهاب جريمة ضد الإنسانية.
AR1773,n,cds,no,إزدراء,[no_synset],[no_synset_lemma],النظر إلى شخص أو شيء بدونية واحتقار,نظر إليه بازدراء بسبب فقره.
AR22,n,re,no,إساءة,"['omw-arb-00419908-n', 'omw-arb-06715223-n']",[no_synset_lemma],فعل أو قول يسبب الأذى أو الإهانة,تعرض الطفل للإساءة من قبل زوج أمه.
AR1115,n,svp,no,إشمئزاز,"['omw-arb-07503260-n', 'omw-arb-04714440-n']",[no_synset_lemma],شعور بالقرف الشديد والنفور,تصرفاته تثير الاشمئزاز في نفسي.
AR1665,n,ddf,yes,إعاقة,"['omw-arb-01066163-n', 'omw-arb-03520811-n']",[no_synset_lemma],وصف مهين لشخص يعتبر عائقاً أو معطلاً للآخرين,أنت إعاقة حقيقية في طريق تقدمنا.
AR177,n,re,no,اغتصاب,[no_synset],[no_synset_lemma],إجبار شخص على ممارسة الجنس بالقوة,الاغتصاب جريمة بشعة لا تغتفر.
AR1692,n,is,yes,إفقار,[no_synset],[no_synset_lemma],التسبب في جعل شخص أو مجتمع فقيراً بشكل متعمد,سياساتهم أدت إلى إفقار الشعب.
AR2335,v,cds,no,إنتهى,['omw-arb-00358431-v'],[no_synset_lemma],تعبير يعني أن شخصاً ما فقد قيمته أو تأثيره,كممثل، لقد انتهى منذ سنوات.
AR786,n,an,no,ابتذال,[no_synset],[no_synset_lemma],انحطاط في الذوق أو الأسلوب أو الأخلاق,أسلوبه في الكلام مليء بالابتذال.
AR469,n,re,no,ابتزاز,[no_synset],[no_synset_lemma],الحصول على مال أو منافع بالتهديد بفضح سر ما,مارس الابتزاز ضدها بصورها الشخصية.
AR462,n,ddp,yes,ابن زنا,[no_synset],[no_synset_lemma],شتيمة قاسية جداً تشكك في شرعية نسب الشخص,شتمه قائلاً: يا ابن الزنا.
AR433,n,cds,no,احتيال,['omw-arb-00769092-n'],[no_synset_lemma],خداع الناس للحصول على أموالهم بطرق ماكرة,لقد وقع ضحية عملية احتيال كبيرة.
AR2496,n,re,no,اختطف,['omw-arb-01439190-v'],"['اختطف', 'إصطاد_سمك', 'قبض_على', 'أصبح_محكما', 'أمسك', 'لفت', 'انتزع', 'أصاب_ب', 'صياح', 'فهم', 'لفت_الانتباه', 'سحر', 'أمسك_ب', 'ثبت', 'جذب', 'أمسك_به', 'خدع', 'أمْسك', 'لمح', 'نظرة', 'وقع_في_شرك', 'حبس_نفسه', 'شرك', 'لحق', 'فاجأ', 'تفشى', 'انتهز']",أخذ شخصاً أو شيئاً بالقوة والخداع,اختطف المجرمون الطفل وطالبوا بفدية.
AR2672,n,re,no,ارهاب,[no_synset],[no_synset_lemma],ترويع الآمنين وإخافتهم لتحقيق أهداف سياسية,الإرهاب جريمة ضد الإنسانية.
AR611,n,svp,no,استعلاء,[no_synset],[no_synset_lemma],التعامل مع الآخرين بفوقية وغرور,يتحدث مع الجميع باستعلاء مقيت.
AR2102,n,asm,no,استغباء,[no_synset],[no_synset_lemma],معاملة شخص وكأنه غبي أو ساذج,توقف عن استغباء الناس، فنحن نفهم خطتك.
AR2320,n,qas,no,استغلالي,[no_synset],[no_synset_lemma],شخص يستفيد من الآخرين بطريقة غير عادلة,إنه مدير استغلالي يسرق مجهود موظفيه.
AR2359,v,asm,no,استهزأ,"['omw-arb-00849080-v', 'omw-arb-00849332-v', 'omw-arb-00851933-v']",[no_synset_lemma],السخرية من شخص أو شيء وتحقيره,استهزأ بملابسه القديمة أمام الجميع.
AR1601,n,ps,yes,اسرائيلي,[no_synset],[no_synset_lemma],وصف يستخدم أحياناً كشتيمة في سياقات سياسية معادية,"اتهمه خصمه بأنه عميل ""إسرائيلي"" لخيانته."
AR1116,n,svp,no,اشمئزاز,[no_synset],[no_synset_lemma],شعور بالقرف الشديد والنفور,تصرفاته تثير الاشمئزاز في نفسي.
AR1669,n,ddf,yes,إعاقة,['omw-arb-01074498-n'],[no_synset_lemma],وصف مهين لشخص يعتبر عائقاً أو معطلاً للآخرين,أنت إعاقة حقيقية في طريق تقدمنا.
AR1028,n,qas,no,اعدام,[no_synset],[no_synset_lemma],حكم أو فعل يهدف إلى إنهاء مستقبل شخص أو فكرة,لقد كان قرارهم بمثابة إعدام لمسيرته المهنية.
AR179,n,re,no,اغتصاب,[no_synset],[no_synset_lemma],إجبار شخص على ممارسة الجنس بالقوة,الاغتصاب جريمة بشعة لا تغتفر.
AR701,n,re,no,افتراء,[no_synset],[no_synset_lemma],اتهام شخص كذبًا بما ليس فيه,كل ما قلته عني هو افتراء.
AR2420,n,re,no,القرصنة,[no_synset],[no_synset_lemma],سرقة جهود الآخرين ونسبتها للذات,هذا البحث مجرد قرصنة من أعمال غيرك.
AR1559,n,om,no,المثلية,[no_synset],[no_synset_lemma],وصف ازدرائي للشذوذ الجنسي,إنهم يروجون للمثلية في مجتمعنا.
AR1899,n,cds,no,المذنب,[no_synset],[no_synset_lemma],من ارتكب خطأ أو جرماً ويستحق اللوم,أنت المذنب في كل ما حدث.
AR2421,n,re,no,انتحال,[no_synset],[no_synset_lemma],ادعاء صفة أو شخصية ليست لك,تم القبض عليه بتهمة انتحال صفة ضابط.
AR2245,a,cds,no,انتهازي,[no_synset],[no_synset_lemma],من يستغل الظروف أو الأشخاص لمصلحته الشخصية,إنه شخص انتهازي لا يهمه إلا نفسه.
AR358,n,cds,no,باطل,"['omw-arb-06756407-n', 'omw-arb-04876053-n']",[no_synset_lemma],وصف للشيء أو القول بأنه لا أساس له من الصحة,كل ادعاءاتك باطلة.
AR1973,n,an,no,ببغاء,[no_synset],[no_synset_lemma],شخص يكرر الكلام دون فهم أو وعي,لا تكن ببغاء تردد ما تسمعه.
AR239,n,svp,no,بخل,[no_synset],[no_synset_lemma],صفة من يمتنع عن الإنفاق الشديد,قتله بخله وحرصه على المال.
AR236,a,is,yes,بخيل,[no_synset],[no_synset_lemma],شخص شديد الإمساك في الإنفاق,إنه رجل بخيل لا ينفق على أهل بيته.
AR377,n,ps,yes,بدو,[no_synset],[no_synset_lemma],وصف للشخص بالخشونة وقلة التحضر,تصرفاته تدل على أنه بدو.
AR276,n,ddp,yes,بربرية,['omw-arb-00424767-n'],[no_synset_lemma],صفة للسلوك الوحشي والهمجي,هذه الأفعال تتسم بالبربرية.
AR559,n,qas,no,برجوازي,['omw-arb-09882716-n'],[no_synset_lemma],وصف ازدرائي لمن يهتم بالمظاهر المادية والمصالح الشخصية,لا يفكر إلا في ماله، عقليته برجوازية.
AR1360,n,an,no,برغوث,[no_synset],[no_synset_lemma],وصف للشخص الحقير أو المزعج الذي لا قيمة له,اغرب عن وجهي أيها البرغوث.
AR2130,n,an,no,بزاق,[no_synset],[no_synset_lemma],وصف للشخص الضعيف والمنفر,إنه جبان مثل البزاق.
AR2258,n,ddf,yes,بشاعة,['omw-arb-04690196-n'],"['قُبْح', 'قباحة', 'بشاعة']",صفة للقبح الشديد في الشكل أو الفعل,بشاعة الجريمة هزت الجميع.
AR2634,a,ddf,yes,بشع,[no_synset],[no_synset_lemma],وصف لشيء أو شخص قبيح جداً,منظره بشع لا يطاق.
AR2344,n,or,no,بطاطا,[no_synset],[no_synset_lemma],شخص كسول، عديم الحركة أو الفائدة,انهض أيها البطاطا وقم بعمل شيء مفيد.
AR2760,n,re,no,بطش,['omw-arb-00965404-n'],[no_synset_lemma],استخدام القوة والظلم بشكل مفرط,عُرف الحاكم ببطشه بمعارضيه.
AR1969,n,an,no,بغبغاء,[no_synset],[no_synset_lemma],"مرادف ""ببغاء""؛ من يكرر الكلام بلا فهم",هو مجرد بغبغاء في الحزب.
AR1967,n,an,no,بغبغان,[no_synset],[no_synset_lemma],"مرادف ""ببغاء""؛ من يكرر الكلام بلا فهم",توقف عن ترديد كلامه كالبغبغان.
AR1885,n,an,no,بغل,[no_synset],[no_synset_lemma],وصف للشخص شديد الغباء والعناد,لن يفهم، إنه بغل عنيد.
AR1263,n,asf,no,بغي,['omw-arb-00745637-n'],[no_synset_lemma],امرأة تمتهن الدعارة (إهانة شديدة),وصفها بأنها بغي لتشويه سمعتها.
AR2110,n,ddp,yes,بلادة,['omw-arb-04891683-n'],"['سخافة', 'بلادة', 'بله', 'بلاهة', 'سُخْف']",صفة لبطء الفهم وقلة الذكاء,لم أر في حياتي بلادة مثل هذه.
AR2104,n,asm,no,بليد,[no_synset],[no_synset_lemma],شخص قليل الفهم وبطيء الاستيعاب,شرحت له عشر مرات، لكنه تلميذ بليد.
AR356,n,dmc,yes,بهتان,['omw-arb-06756407-n'],[no_synset_lemma],كذب صريح ومفضوح يهدف للإساءة,اتهاماته لي كانت زوراً وبهتاناً.
AR154,n,an,no,بهيمة,['omw-arb-00015388-n'],[no_synset_lemma],وصف للشخص الذي يتصرف بلا عقل كالأنعام,إنه يتصرف كالبهيمة، لا يفكر إلا في غرائزه.
AR1791,v,cds,no,تآمر,"['omw-arb-00708128-v', 'omw-arb-00706975-v']",[no_synset_lemma],التخطيط سراً لإيذاء شخص أو جهة ما,اتهموه بالتآمر لقلب نظام الحكم.
AR87,n,qas,no,تابع,"['omw-arb-10016103-n', 'omw-arb-10099375-n']","['بدأ', 'تقلص', 'تصرف_بحماقة', 'أعد_من_طريق_التحويل', 'عقد', 'شفع', 'امتثل', 'أجل', 'اِعْتنق', 'نجح', 'خطبة', 'زكا_يوصى', 'دفع_بقوة', 'اشتغل', 'أدار', 'جادل', 'إنبثق_عن', 'تتبّع', 'لاحق', 'قولب', 'كان_على_علاقة_مع', 'قاضى', 'اِتّبع', 'وَاصَلَ', 'شق_طريقة_بصعوبة', 'اختار', 'خَلفَ', 'تبع', 'فلح', 'حدث', 'حث', 'قصر', 'أخذ_سبيله_للإ_نجاز', 'تجمع', 'نفذ', 'واصل', 'حذر', 'كمل', 'قلص', 'استحث', 'عانق', 'مارس', 'حاصر', 'أقر', 'انكمش', 'نبه', 'عدى', 'سدد_من_طريق_العمل', 'اِشْتغل', 'وصى_على', 'ناضل', 'وعظ', 'كبس_على', 'صر', 'مضى', 'أثار', 'انقبض', 'تقدّم', 'تقدم', 'حاول_تقليده', 'تبنّى', 'حول', 'استأنف', 'سلك', 'دفع', 'اِسْتكْمل', 'سعى', 'ضغط', 'رافق', 'أدّى', 'تعقّب', 'نتج', 'ولى', 'حثّ', 'دام', 'كوى', 'عصر', 'التقط', 'أحدث', 'بحث', 'عمِل_وِفْق', 'وصى', 'بقِي', 'حثّ_على', 'سحق', 'استعجل', 'كبح', 'ألح', 'اِسْتمرّ', 'سير_في_موكب', 'ازدحم', 'استمر', 'توالى', 'أوْصى_بـ', 'حضّ', 'تعاقب', 'تحرك', 'تبِع', 'كبس', 'ذهب_الى', 'خطب', 'ضغط_على', 'تبنى', 'قلّص', 'خلف', 'لحِق', 'أنْجز', 'قلد', 'تابع', 'فعل', 'امتد', 'أكره_على_أداء_الخدمة_العسكرية', 'خص', 'تحرّك', 'رفع_دعوى_قضائية', 'أدرك', 'انفع', 'تعقب', 'أصدر_من', 'شرع', 'دوام', 'حل_مسألة', 'إبتز_المال', 'صادر_للمصلحة', 'أفلح', 'سير_العمل', 'ضغط_بقوة_مطردة', 'بقي', 'قدم_بتوصية', 'دخل_بصعوبة', 'طارد', 'فاز', 'اندفع', 'هاجم', 'أحرز_مكانة', 'تمشّى_مع', 'تصرف', 'حدد', 'أقحم', 'عمِل', 'استغفر', 'جذب', 'احتال', 'شق_طريقه', 'أرهق', 'شغل', 'تراكم', 'نصح', 'أدخل', 'طابق', 'حمل', 'إِسْتغْرق', 'إستخرج_أسطوانة_مسجلة', 'نفّد', 'اتخذ', 'حشد', 'توفق_في', 'سطح', 'رث_العرش', 'ترقب', 'ضيق', 'قبض']",شخص يتبع غيره بلا رأي أو شخصية مستقلة,لا تكن مجرد تابع للآخرين.
AR1477,n,dmc,yes,تافه,[no_synset],[no_synset_lemma],شخص أو شيء قليل القيمة والأهمية,لا تشغل نفسك بأمور تافهة.
AR1949,n,qas,no,تتطفل,[no_synset],[no_synset_lemma],تتدخل فيما لا يعنيك,لماذا تتطفل على شؤوننا الخاصة؟
AR2644,n,re,no,تحرش,"['omw-arb-01759326-v', 'omw-arb-01789514-v']","['أطلق', 'ربى', 'اعتدى', 'ضحك', 'ربى_الماشية', 'أثار_قضية', 'قتل', 'اِسْتثار', 'شال', 'اِسْتحثّ', 'أضرم_النار', 'تحرش', 'رفع_الكأس_لإحد', 'غضب', 'نغّص', 'رفع', 'زاد_النار_إشتعالا', 'إنتهك_حرمة', 'فصل', 'خمر', 'أرْهق', 'عذب', 'أيقظ', 'زور_شيكا', 'زاد_المبلغ_المراهن_عليه', 'أحرق', 'أربك', 'هاج', 'جمع', 'أجج', 'أثار', 'تلفظ_بقوة', 'تثاقل_على', 'شيد', 'نزل_به_كارثة', 'رفع_لأعلى', 'أرهق', 'أضرم', 'برز', 'رب', 'أنْهك', 'سخن_قليلا', 'نهض', 'أيْقظ', 'أنهض', 'استفز', 'نكّد', 'رد_بالنار', 'نهك', 'رقى', 'أزْعج', 'رفع_الستارة', 'حث', 'اِسْتفزّ', 'استيقظ', 'تحرّش', 'غيظ', 'أزعج', 'أصابه_بطاعون', 'حرض', 'هيّج', 'أشعل', 'ثور', 'سعل_مخرجا_البلغم', 'أقلق', 'جمع_تبرعات', 'أهاج', 'استحث', 'ضايق', 'رفع_معنوياته', 'أحدث']",مضايقة شخص بشكل مسيء أو جنسي,التحرش جريمة يعاقب عليها القانون.
AR480,n,qas,no,تخبط,[no_synset],[no_synset_lemma],التصرف بعشوائية ودون تخطيط أو هدف,الشركة تعيش في حالة من التخبط الإداري.
AR242,n,ddp,yes,تخلف,[no_synset],[no_synset_lemma],صفة للتأخر الحضاري أو الفكري,هذه العادات دليل على التخلف.
AR1798,n,ddp,yes,تخلف عقلي,[no_synset],[no_synset_lemma],شتيمة قاسية للدلالة على الغباء الشديد أو الرجعية,هذه الفكرة دليل على تخلف عقلي.
AR1295,n,cds,no,تزمت,['omw-arb-06206334-n'],[no_synset_lemma],التمسك الشديد بآراء متطرفة ورفض الآخر,تزمته الديني جعله يكره الجميع.
AR1355,n,dmc,yes,تزوير,['omw-arb-00751145-n'],[no_synset_lemma],تغيير الحقيقة في المستندات أو الوثائق,سُجن بتهمة تزوير شهادته الجامعية.
AR1353,n,dmc,yes,تزييف,['omw-arb-00751145-n'],[no_synset_lemma],تحريف الحقائق أو تقليد شيء أصلي بشكل مخادع,إنه بارع في تزييف مشاعره.
AR1952,n,qas,no,تطفل,['omw-arb-02560424-v'],"['فرض', 'فرض_عليه_نفسه', 'فرض_نفسه', 'استغل', 'خدع', 'تطفل']",التدخل في شؤون الآخرين بفضول مزعج,كف عن التطفل على حياتي.
AR607,n,cds,no,تعالي,[no_synset],[no_synset_lemma],التصرف بغرور وتكبر على الآخرين,نظر إلينا بتعالٍ وكأننا أقل منه شأناً.
AR2683,n,re,no,تعذيب,[no_synset],[no_synset_lemma],إلحاق ألم جسدي أو نفسي شديد بشخص ما,مات السجين تحت التعذيب.
AR19,n,re,no,تعسف,['omw-arb-08440630-n'],[no_synset_lemma],استخدام السلطة بشكل ظالم وجائر,طرد الموظفين كان قراراً فيه تعسف.
AR121,n,cds,no,تعصب,"['omw-arb-06205154-n', 'omw-arb-06206334-n']",[no_synset_lemma],الانحياز الأعمى لفئة أو فكرة ورفض ما عداها,التعصب الرياضي يفسد متعة اللعبة.
AR1673,n,ddf,yes,تعطيل,"['omw-arb-00403092-n', 'omw-arb-00233795-n']",[no_synset_lemma],إعاقة سير العمل أو التقدم عمداً,اتُهم بتعطيل مصالح المواطنين.
AR2265,n,dmc,yes,تعيس,[no_synset],[no_synset_lemma],شخص يشعر بالحزن والشقاء الشديد,يعيش حياة تعيسة مليئة بالمشاكل.
AR2101,n,ddp,yes,تغابي,[no_synset],[no_synset_lemma],التظاهر بالغباء لتجنب المسؤولية أو لفهم نية الآخر,لا تتغابى، فأنت تعرف الحقيقة جيداً.
AR1680,n,ddp,yes,تفاهة,[no_synset],[no_synset_lemma],صفة لقلة القيمة أو السطحية,سئمت من تفاهة البرامج التلفزيونية.
AR1639,n,cds,no,تكبر,[no_synset],[no_synset_lemma],الغرور والتعالي على الناس,تكبره يجعله مكروهاً من الجميع.
AR2317,v,qas,no,تلعثم,"['omw-arb-00981544-v', 'omw-arb-01036804-v']","['هذر', 'تمتم', 'زقزق', 'ثرثر_كالطفل', 'تلعْثم', 'عى_في_الكلام', 'برر_الكلام', 'خان', 'نطق_بتمتمة', 'أطلق_أصواتا', 'أكثر_الكلام', 'ثرثر', 'طقطق', 'بربر', 'لفظ_متلعثما', 'تلجلج', 'أجاب_متمتما', 'لغا', 'تلعثم', 'تصطك', 'لفظ_بغير_وضوح', 'ترنح', 'أفشى_السر', 'مشى_مضطربا', 'فأفأ', 'هرف', 'ثرْثر', 'تتذبذب_بسرعة', 'تداعى', 'تأتأ', 'جاوب_بتلعثم', 'تمْتم', 'فأْفأ']",السخرية من تردد شخص في الكلام كدليل على ضعفه أو كذبه,بدأ يتلعثم عندما واجهته بالحقيقة.
AR597,n,cds,no,تمادي,[no_synset],[no_synset_lemma],تجاوز الحد في الإساءة أو الخطأ,لقد تمادى في وقاحته كثيراً.
AR987,n,an,no,تمساح,[no_synset],[no_synset_lemma],شخص غدار ومنافق، يظهر التعاطف وهو يخفي الشر,إنه تمساح يبكي على ضحاياه.
AR2360,v,asm,no,تهكم,"['omw-arb-02657219-v', 'omw-arb-00851933-v']","['توافق', 'عنف', 'أعد', 'جهز', 'لاءم', 'قمع', 'ناسب', 'أقر', 'إنطبق_على', 'تهكم', 'سحب_مالا', 'ودع', 'تكيف', 'إنطبق_على_شكل', 'جدول', 'طابق_الأرقام', 'إنتقد_بحدة', 'قارن', 'كافأ', 'كبح', 'ناغم', 'دون', 'لائم', 'سخِر', 'قيد', 'عد', 'ماثل', 'بارى', 'حمص', 'سلم', 'سخر', 'توصل_إلى_تسوية', 'فحص', 'كبت', 'حسب', 'أوقف', 'تطابق', 'تـطابق', 'ضبط', 'اِتّفق', 'تراسل', 'تماشى', 'انسجم', 'رسم_مربعات', 'زود', 'عبر', 'إنسجم_مع', 'انحرف', 'نسق', 'ضحِك_من', 'تحمص', 'وافق', 'عرض_الخصم_للخطر', 'أصبح_مضحك', 'حسب_النقاط', 'اِسْتهْزأ', 'وازى', 'شوى', 'حقق', 'جعله_مطابقا', 'وصل', 'اتفق', 'أحبط', 'هزأ_ب', 'تهكّم', 'وبخ']",السخرية اللاذعة بأسلوب يوحي بالجدية ظاهرياً,كان كلامه مليئاً بالتهكم على فقرنا.
AR1790,v,cds,no,تواطأ,[no_synset],[no_synset_lemma],الإتفاق سراً على فعل الشر أو الظلم,تواطأ مع العدو ضد وطنه.
AR423,n,an,no,تيس,['omw-arb-02416880-n'],[no_synset_lemma],شتيمة للرجل تصفه بالغباء المفرط أو بالدياثة,إنه تيس لا يغار على أهل بيته.
AR428,a,cds,no,ثرثار,[no_synset],[no_synset_lemma],وصف للشخص كثير الكلام بشكل مزعج وبلا فائدة,لا أطيق الجلوس معه، إنه رجل ثرثار.
AR907,n,ddp,yes,ثرثرة,[no_synset],[no_synset_lemma],الكلام الكثير الذي لا طائل منه ويسبب الإزعاج,توقفي عن هذه الثرثرة الفارغة.
AR615,n,an,no,ثور,['omw-arb-02403003-n'],"['أطلق', 'اقتلع', 'اِسْتثار', 'اعتلى', 'رفع_الكأس_لإحد', 'تحرش', 'زاد_النار_إشتعالا', 'حلق', 'خمر', 'تجاوز', 'حمّى', 'خلى', 'سبب', 'بعث', 'انقشع', 'إِرْتفع', 'كشف', 'استفز', 'حدث', 'حث', 'غيظ', 'ألغى', 'قام', 'اشتهر', 'استحث', 'تعالى', 'ربى', 'بزغ', 'ضحك', 'ربى_الماشية', 'رفع_الأسعار', 'قتل', 'أضرم_النار', 'صعِد', 'رفع', 'أشرق', 'أحرق', 'بخصوص', 'أثار', 'شيد', 'أضرم', 'أعلن_العصيان', 'صعد', 'رقى', 'نقل_من', 'استيقظ', 'حرض', 'رفع_الروح_المعنوية', 'إِنْبعث', 'سخّن', 'جمع_تبرعات', 'أحدث', 'نتج_عن', 'اِسْتحثّ', 'أيقظ', 'اجتاز', 'زاد_المبلغ_المراهن_عليه', 'جمع', 'تنفض_الجلسة_أو_الاجتماع', 'تلفظ_بقوة', 'رفع_لأعلى', 'رب', 'أشْرق', 'على', 'أيْقظ', 'أنهض', 'سرق', 'هيّج', 'أشعل', 'ثور', 'سعل_مخرجا_البلغم', 'أثار_قضية', 'أهاج', 'رفع_معنوياته', 'ارتفع', 'وقف', 'شال', 'أحْمى', 'غضب', 'أطلّ', 'طار', 'طلع', 'فصل', 'حمى', 'زور_شيكا', 'إرتفع_إلى_مستوى_المسؤولية', 'هاج', 'أجج', 'تصاعد', 'سخن', 'برز', 'حكم', 'ظهر', 'سخن_قليلا', 'رد_بالنار', 'رفع_الستارة', 'رفع_المعنويات', 'انتقل', 'نبع', 'نشأ', 'بدئ', 'نهض']",إهانة للرجل تصفه بالغباء والقوة الغاشمة دون تفكير,يتصرف كالثور الهائج في كل نقاش.
AR2772,n,dmc,yes,جاحد,['omw-arb-10007109-n'],[no_synset_lemma],ناكر للجميل والمعروف,ساعدته كثيراً ولكنه كان ولداً جاحداً.
AR568,n,an,no,جاموس,[no_synset],[no_synset_lemma],شتيمة تصف الشخص بالبلادة والغباء الشديد والكسل,تحرك أيها الجاموس، لقد عطلتنا.
AR418,n,dmc,yes,جاني,['omw-arb-09977660-n'],[no_synset_lemma],الشخص المسؤول عن إحداث مصيبة أو ضرر,هو الجاني الحقيقي وراء خراب الشركة.
AR1079,a,ddp,yes,جاهل,[no_synset],[no_synset_lemma],شخص لا علم لديه أو يفتقر للأدب وحسن التصرف,لا تجادله، إنه جاهل وعنيد.
AR910,a,cds,no,جبان,[no_synset],[no_synset_lemma],شخص يفتقر للشجاعة ويخاف من المواجهة,هرب من القتال لأنه رجل جبان.
AR911,n,cds,no,جبن,['omw-arb-07850329-n'],[no_synset_lemma],صفة الخوف الشديد والافتقار إلى الشجاعة,منعه جبنه من قول الحقيقة.
AR2015,n,pr,no,جرذ,['omw-arb-02331046-n'],[no_synset_lemma],وصف لشخص خسيس، جبان، وخائن,إنه جرذ يهرب عند أول علامة للخطر.
AR736,n,an,no,جرو,"['omw-arb-01321579-n', 'omw-arb-01322343-n']",[no_synset_lemma],إهانة لشاب أو تابع، للتقليل من شأنه واعتباره قليل الخبرة,ما زلت جرواً صغيراً لتتحداني.
AR1089,n,cds,no,جريمة,['omw-arb-00768701-n'],[no_synset_lemma],وصف لفعل أو شيء بأنه سيء أو قبيح إلى أقصى درجة,تسريحة شعرك هذه جريمة في حق الموضة.
AR233,n,svp,no,جشع,[no_synset],[no_synset_lemma],الرغبة المفرطة في الحصول على المزيد على حساب الآخرين,جشعه جعله يخسر كل أصدقائه.
AR453,a,an,no,جلف,[no_synset],[no_synset_lemma],شخص فظ، غليظ الطبع، وعديم الذوق,كان رده جلفاً وغير لائق.
AR1401,n,svp,no,جنون,['omw-arb-07516997-n'],[no_synset_lemma],وصف لفكرة أو تصرف بأنه غير عقلاني تماماً,ما تقترحه هو الجنون بعينه.
AR1700,n,ddp,yes,جهالة,['omw-arb-04891333-n'],[no_synset_lemma],حالة الجهل والحمق وغياب الحكمة,تصرفاته تنم عن جهالة مطبقة.
AR1701,n,ddp,yes,جهل,"['omw-arb-02708420-v', 'omw-arb-00803325-v', 'omw-arb-02072849-v', 'omw-arb-00421691-v', 'omw-arb-00742320-v', 'omw-arb-02052476-v', 'omw-arb-00358431-v', 'omw-arb-02050132-v', 'omw-arb-02230772-v', 'omw-arb-02051694-v', 'omw-arb-00339934-v']","['مرّ', 'بسط', 'إجتاز_بنجاح', 'نجح', 'تفوق_على_ذاته', 'تغاضى', 'أهمل', 'غادر', 'بدد', 'مات', 'اختفى', 'تجاوز', 'تفوق', 'ضنى', 'خَرَجَ_من_الدُّنْيَا', 'خَبَّرَ', 'جرى', 'إِنْتهى', 'تخمد', 'انقشع', 'لفظ_النفس_الأخير', 'خلص', 'هلك', 'حدث', 'شحب', 'نظف', 'فني', 'أزال', 'مر_الكرة_للاعب_آخر', 'واصل', 'واثق', 'رخّص', 'أمضى', 'خَفَّ', 'أنفق', 'دار', 'انخفض', 'موت', 'قال', 'تخطى', 'حصل', 'تلاشى', 'سلم_الروح', 'اتصل', 'جدّ', 'سلّم_الرُّوح', 'اِخْتفى', 'جاوز', 'وَقَعَ', 'صادف', 'فنِي', 'مضى', 'لفظ_النّفس_الأخِير', 'أبرئ', 'بهت', 'سير', 'سلّم_بِاليدّ', 'غلط', 'بذل', 'أصبح', 'بذر', 'عبر', 'ذهب', 'صفى', 'تخطّى', 'نهك', 'جد', 'نقل', 'خَرَجَ', 'سلّم', 'أقر_ب', 'صحا', 'ساعد_على', 'طالب', 'بلغ', 'أنفق_الثروة', 'وقع_الحادث', 'أعطى', 'أعد', 'استعمل', 'جهل', 'نور', 'فضل', 'تخلى_عن_دوره_في_اللعب', 'ألغى_إعلان', 'غادر_المسرح', 'استمر', 'اِنْتقل_إلى_الرّفِيق_الأعْلى', 'أدى', 'ذبل', 'بز', 'انقضى', 'رحل', 'خَوَّلَ', 'مر', 'انهار', 'أجاز', 'أمْضى', 'أخضع_السفينة_لشروط_الجمارك', 'تبادل_الشيكات', 'تبادل', 'مد_يده_للوصول_ل', 'قضى', 'امتد', 'أصبح_لا_مباليا', 'مرر', 'فاق', 'أخمد', 'لجأ', 'حرر', 'قدم', 'زفر', 'وصل', 'سمح', 'تنقضي', 'مشرق', 'تغوط', 'تحرق_شوقا', 'مشى', 'تأول', 'خرج', 'اعتزم', 'أضعف', 'عرف_ب', 'تبرز', 'انطلق', 'أوْصل', 'سافر', 'ربح', 'إنتقل_إلى', 'خطر_في_البال', 'شق_طريقه', 'استخدم', 'يوجد', 'باع', 'اِنْقضى', 'فسر', 'اِجْتاز', 'أعْطى', 'كان_في_متناول_اليد', 'ظهر', 'مات_من_الجوع', 'وثب', 'تعفن', 'بلّغ', 'أصبح_أقل_تعرضا', 'استهلك', 'توقف', 'تضاءل', 'وقع', 'فقد']",انعدام المعرفة، ويستخدم للتحقير,أنت تتحدث عن جهل، فاصمت.
AR678,n,cds,no,جيفة,[no_synset],[no_synset_lemma],شتيمة قاسية جداً لوصف شخص بأنه مقرف ومنحط أخلاقياً,ابتعد عني أيها الجيفة النتنة.
AR2413,a,svp,no,حانق,['omw-arb-00113818-a'],[no_synset_lemma],شخص شديد الغضب والحقد,نظر إليّ نظرة شخص حانق.
AR2560,n,cds,no,حذلقة,[no_synset],[no_synset_lemma],التظاهر بالمعرفة والمهارة بشكل مبالغ فيه ومزعج,توقف عن الحذلقة وتكلم ببساطة.
AR1522,n,re,no,حرامي,['omw-arb-10707804-n'],[no_synset_lemma],الشخص الذي يسرق، لص,هذا التاجر حرامي، يغش في الميزان.
AR1792,n,svp,no,حسد,['omw-arb-00758335-n'],['حسد'],تمني زوال نعمة الغير,كل انتقاداته نابعة من الحسد لا أكثر.
AR1765,n,an,no,حَشَرة,['omw-arb-02159955-n'],[no_synset_lemma],إهانة قوية لوصف شخص بأنه تافه ومثير للازدراء,أنت مجرد حشرة، لا قيمة لك.
AR6,n,dmc,yes,حقارة,[no_synset],[no_synset_lemma],صفة الدناءة والخسة وانحطاط الشأن,لم أر في حياتي حقارة مثل هذه.
AR451,n,cds,no,حقر,['omw-arb-00845299-v'],"['اِمْتهن', 'شتم', 'ذل', 'أذلّ', 'أمات_الجسد', 'حقّر', 'غم', 'أخزى', 'حقر', 'أهان', 'تغنغر', 'هزم_على_نحو_حاسم', 'تنسك', 'كبح_الشهوة', 'تحدى']",استصغر شأن شخص وازدراه,حقره لفقره ولباسه الرث.
AR218,n,om,no,حمار,[no_synset],[no_synset_lemma],شتيمة شائعة جداً لوصف شخص بالغباء الشديد,لا يفهم شيئاً، إنه حمار.
AR50,n,ddp,yes,حماقة,['omw-arb-04891333-n'],"['غباوة', 'جهاْلة', 'حماقة', 'حُمْق', 'غباء', 'جهْل']",قلة العقل والسخف في التصرف,يا لها من حماقة أن تثق به.
AR1408,n,svp,no,حنق,['omw-arb-01773346-v'],"['امتعض', 'استاء', 'حنق', 'اِغْتاظ', 'اِسْتاء', 'اِمْتعض', 'اغتاظ']",الحقد والغيظ الشديد,كان يتكلم بحنق واضح على نجاح زميله.
AR156,n,ddp,yes,حيوان,['omw-arb-00015388-n'],"['مخْلُوق', 'بهِيْمة', 'كائِن_حيّ', 'دابّة', 'وَحْش', 'حيوان']",إهانة تصف شخصاً بأنه بلا عقل أو أخلاق، ويتصرف بغريزته فقط,كيف تفعل هذا؟ أنت حيوان!
AR2776,n,dmc,yes,خائن,[no_synset],[no_synset_lemma],من يخون الأمانة أو العهد أو الوطن,وصفوه بالخائن لبيعه أسرار الشركة.
AR1044,v,dmc,yes,خادع,[no_synset],[no_synset_lemma],شخص ماكر، يظهر عكس ما يبطن لخداع الآخرين,ابتسامته خادعة، لا تثق به.
AR1071,n,cds,no,خارج عن القانون,[no_synset],[no_synset_lemma],وصف لشخص لا يحترم القوانين والأعراف,يعيش حياة خارج عن القانون ولا يهتم بأحد.
AR2514,n,cds,no,خاضع,[no_synset],[no_synset_lemma],إهانة لشخص توصفه بالضعف والذل والاستسلام للآخرين,إنه خاضع لمديره بشكل مهين.
AR2527,a,dmc,yes,خاطئ,"['omw-arb-02035337-a', 'omw-arb-02461723-a']",[no_synset_lemma],مرتكب للخطأ أو الإثم,أنت خاطئ ويجب أن تعترف بذنبك.
AR348,n,pr,no,خبث,"['omw-arb-00745637-n', 'omw-arb-00749574-n']",[no_synset_lemma],صفة المكر والفساد الداخلي والرغبة في إيذاء الآخرين,أرى الخبث في عينيه.
AR478,n,dmc,yes,خبيث,['omw-arb-14237561-n'],[no_synset_lemma],شخص سيء الطبع، ماكر، وينوي الشر,إنه رجل خبيث لا يؤتمن على سر.
AR1042,n,dmc,yes,خداع,"['omw-arb-00752431-n', 'omw-arb-06758225-n', 'omw-arb-00769092-n']",[no_synset_lemma],إظهار عكس الحقيقة بهدف التضليل والغش,حياته كلها كانت مبنية على الخداع.
AR96,n,an,no,خدعة,['omw-arb-05905802-n'],[no_synset_lemma],حيلة ماكرة لتضليل شخص ما,لقد كانت مجرد خدعة ليأخذوا أموالك.
AR1045,n,dmc,yes,خديعة,['omw-arb-06758225-n'],[no_synset_lemma],فعل الغش والمكر والخيانة,وقعنا ضحية خديعة كبرى.
AR325,v,cds,no,خذل,"['omw-arb-02528380-v', 'omw-arb-00434374-v', 'omw-arb-02529284-v']","['تعطّل', 'أهْمل', 'هجر', 'أضعف', 'فشل', 'خَابَ', 'خذل', 'سقط_في_أمتحان', 'أهمل', 'لا_يهتم', 'فلس', 'أخسر', 'أخْفق', 'انقرض', 'قصر_عن', 'تخلى', 'بهت', 'فشِل', 'ترك', 'سقط', 'استخف', 'توقّف', 'كف_عن_أداء_وظيفته']",التخلي عن نصرة شخص في وقت حاجته إليك,لقد خذل أصدقاءه عندما كانوا في أمس الحاجة إليه.
AR2315,v,qas,no,خرب,"['omw-arb-01566490-v', 'omw-arb-01566705-v', 'omw-arb-00388635-v', 'omw-arb-02527651-v']","['ضلل', 'هدم', 'انجرف', 'فقر', 'ألحق_الضرر_ب', 'أضعف', 'ضر', 'ترقرق_بالماء', 'دلّع', 'لعق', 'تعطل', 'نزع_الزهر_عن_النبات', 'ضل', 'ثبت_على_محك_النقد', 'أفْسد', 'بدد', 'سلب_المرأة_عفافها', 'فلس', 'جرف', 'دهن_بطبقة_رقيقة', 'شوّه', 'دلل', 'تهدم', 'كدر', 'خدع', 'دهور', 'شوه', 'قام_بأعمال_السلب', 'دلّل', 'غمر', 'آذى', 'انهار', 'أتْلف', 'جلا', 'خرب', 'خَرَّبَ', 'كذب', 'أباد', 'افتقر', 'غسل', 'هدّم', 'ضلّل', 'دمر', 'دمّر', 'نهب', 'أذي', 'خضع', 'دام', 'نقع', 'أبطل', 'فسد', 'سلق', 'أحبط', 'تلف', 'عامل_برفق']",وصف للشخص الفاسد أخلاقياً أو الذي لا أمل في إصلاحه,هذا الرجل خرب، لا تتعامل معه.
AR111,n,asm,no,خروج,"['omw-arb-00058519-n', 'omw-arb-05470189-n', 'omw-arb-00044455-n']",[no_synset_lemma],التمرد على الجماعة أو الدين أو التقاليد,اعتبروا أفكاره خروجاً على مبادئهم.
AR2093,n,an,no,خروف,"['omw-arb-02412440-n', 'omw-arb-02411705-n']",[no_synset_lemma],إهانة للشخص الذي يتبع الآخرين دون تفكير أو إرادة,لا تكن خروفاً في القطيع، فكر بنفسك.
AR2481,n,pr,no,خزعبلات,[no_synset],[no_synset_lemma],كلام فارغ وسخيف لا قيمة له، معتقدات باطلة,توقف عن ترديد هذه الخزعبلات.
AR309,n,an,no,خسيس,[no_synset],[no_synset_lemma],شخص منحط ودنيء في أفعاله وطبعه,إنه رجل خسيس يغدر بأصدقائه.
AR787,n,an,no,خشونة,"['omw-arb-04710127-n', 'omw-arb-01224031-n']",[no_synset_lemma],الفظاظة وغلظة الطبع في التعامل مع الناس,كانت معاملته تتسم بالخشونة والجفاء.
AR15,n,svp,no,خمول,"['omw-arb-05042138-n', 'omw-arb-01062583-n']",[no_synset_lemma],وصف مهين لشخص كَسول جداً وعديم النشاط,إنه موظف خمول لا ينجز أي عمل.
AR1508,n,an,no,خنزير,['omw-arb-07668702-n'],[no_synset_lemma],شتيمة قاسية تصف الشخص بالقذارة أو الشراهة أو انعدام الأخلاق,ابتعد عني أيها الخنزير.
AR894,n,om,no,خنيث,[no_synset],[no_synset_lemma],إهانة شديدة للرجل تصفه بالتشبه بالنساء في التأنث والتخنث,يسخرون من مشيته ويقولون إنه خنيث.
AR916,n,ddp,yes,دجال,"['omw-arb-10497202-n', 'omw-arb-10334782-n']",[no_synset_lemma],شخص محتال ومخادع يدعي المعرفة أو القدرة على فعل أمور خارقة,هذا الشيخ مجرد دجال يسرق أموال الناس.
AR1544,n,pr,no,دعارة,[no_synset],[no_synset_lemma],وصف مهين لسلوك يعتبر منحلًا أخلاقياً وفاسداً,حياتهم عبارة عن دعارة وفسق.
AR1536,n,pr,no,دعاره,[no_synset],[no_synset_lemma],صيغة أخرى لوصف الفساد الأخلاقي والانحلال,هذا المكان مليء بالدعارة والانحطاط.
AR498,n,cds,no,دوغمائية,[no_synset],[no_synset_lemma],وصف ازدرائي للتشبث بالأفكار دون نقاش أو دليل، والتعصب لها,إنه شخص دوغمائي لا يقبل الرأي الآخر.
AR1055,n,cds,no,ديماغوجية,[no_synset],[no_synset_lemma],خداع الجماهير بالكلام المعسول والشعارات البراقة لتحقيق أهداف شخصية,خطابه مليء بالديماغوجية لكسب الأصوات.
AR476,n,an,no,ديوث,[no_synset],[no_synset_lemma],شتيمة قاسية للرجل الذي لا يغار على شرف أهل بيته ويقبل الفاحشة فيهم,وصفه المجتمع بأنه ديوث لسكوته عن خيانة زوجته.
AR2147,n,an,no,ذبابة,['omw-arb-02190166-n'],[no_synset_lemma],وصف لشخص مزعج، لحوح، وتافه,لا تكن مثل الذبابة، اتركني وشأني.
AR560,n,qas,no,رأسمالي,"['omw-arb-09882716-n', 'omw-arb-09609232-n']",[no_synset_lemma],وصف مهين لشخص جشع لا يهتم إلا بالمال واستغلال الفقراء,إنه رأسمالي مقيت لا يرحم عماله.
AR1482,n,cds,no,رجعي,['omw-arb-10508475-n'],[no_synset_lemma],وصف ازدرائي لشخص متخلف في أفكاره ومعادٍ للتقدم والتطور,أفكاره رجعية تنتمي إلى العصور الوسطى.
AR1480,n,cds,no,رجعية,[no_synset],[no_synset_lemma],صفة مهينة للأفكار أو الأنظمة المتخلفة التي تعارض الحداثة,يجب أن نحارب الرجعية والفكر الظلامي.
AR46,n,cds,no,رداءة,[no_synset],[no_synset_lemma],صفة لسوء الصنع أو تدني المستوى بشكل عام,رداءة عملك واضحة للجميع.
AR730,n,qas,no,رعاع,['omw-arb-08401819-n'],"['دهْماء', 'عوام', 'عامّة', 'رعاع']",وصف مهين لعامة الناس بأنهم همج وغوغاء بلا وعي,كان يحتقر الشعب ويصفهم بالرعاع.
AR2751,n,cds,no,رعديد,[no_synset],[no_synset_lemma],شخص جبان جداً يرتعد خوفاً من أبسط الأشياء,إنه رعديد يخشى حتى من ظله.
AR1131,n,dmc,yes,رياء,['omw-arb-00752431-n'],[no_synset_lemma],التظاهر بالصلاح والتقوى أمام الناس خلافاً للحقيقة,صلاته كانت مجرد رياء لكسب ثقة الناس.
AR1734,n,dmc,yes,زائف,['omw-arb-02461723-a'],[no_synset_lemma],شخص أو شيء غير حقيقي، مخادع ومصطنع,مشاعره زائفة وابتسامته مصطنعة.
AR2478,n,pr,no,زاني,[no_synset],[no_synset_lemma],من يرتكب فاحشة الزنا، وتستخدم كشتيمة للطعن في الشرف,وصفها بالزانية في وسط الشارع.
AR794,n,asm,no,زب,[no_synset],[no_synset_lemma],كلمة بذيئة جداً تشير إلى العضو الذكري، وتستخدم كشتيمة قاسية,شتيمة تعبر عن أقصى درجات الغضب والاحتقار.
AR793,n,asm,no,زبر,[no_synset],[no_synset_lemma],صيغة أخرى بذيئة جداً للعضو الذكري تستخدم كشتيمة عنيفة,كلمة سوقية تستخدم في الشجارات العنيفة.
AR652,n,cds,no,زمرة,"['omw-arb-08240633-n', 'omw-arb-00031264-n']",[no_synset_lemma],وصف مهين لمجموعة بأنها عصبة فاسدة ومتآمرة,هذه الزمرة الفاسدة يجب أن تحاسب.
AR2182,n,ps,yes,زنجي,[no_synset],[no_synset_lemma],كلمة عنصرية مهينة تستخدم للتحقير على أساس لون البشرة السوداء,"استخدم كلمة ""زنجي"" كشتيمة عنصرية."
AR1276,n,dmc,yes,زنديق,['omw-arb-10007109-n'],[no_synset_lemma],شخص ملحد وكافر بالدين بشكل متطرف، وتستخدم كإهانة عقدية,اتهموه بالزندقة بسبب أفكاره التحررية.
AR362,n,cds,no,زور,"['omw-arb-13960464-n', 'omw-arb-06756407-n']","['صمم', 'أعد_من_طريق_التحويل', 'نظم', 'صاغ_اللغة', 'كوّن', 'تشكل', 'تكوين', 'أحرز_مكانة', 'سدد_من_طريق_العمل', 'جرى_بقوة', 'احتال', 'اشتغل', 'عمل_في_دكان_حداد', 'زيف', 'ألف', 'زور', 'أدار', 'شكّل', 'أثار', 'سكب', 'تقدم', 'حول', 'شكل', 'تألف', 'برز', 'شغل', 'أنشأ', 'إتخذ_شكلا', 'كيف', 'تعفن', 'فعل', 'صاغ', 'حدث', 'تطور', 'لفق', 'طرق_الحديد', 'كون_فكرة', 'رتب', 'غير', 'جسد', 'حل_مسألة']",شهادة الباطل والكذب المتعمد للإضرار بالآخرين,شهد زوراً ضد جاره ليسجنه.
AR2128,n,asm,no,ساخر,[no_synset],[no_synset_lemma],من يستهزئ بالآخرين ويحتقرهم بأسلوب لاذع,أسلوبه الساخر يجرح مشاعر الناس.
AR1069,n,asf,no,ساذج,[no_synset],[no_synset_lemma],شخص قليل الخبرة، يسهل خداعه لفرط بساطته,إنه شاب ساذج يصدق أي شيء.
AR720,n,dmc,yes,سارق,['omw-arb-10707804-n'],[no_synset_lemma],من يسرق، لص,أنت سارق سرقت فكرتي.
AR2358,v,asm,no,سخر,"['omw-arb-00031820-v', 'omw-arb-01003249-v', 'omw-arb-01573515-v', 'omw-arb-00851933-v', 'omw-arb-00849332-v', 'omw-arb-01259691-v', 'omw-arb-00028565-v', 'omw-arb-02657219-v', 'omw-arb-00916274-v', 'omw-arb-00849080-v']","['أطلق', 'عنف', 'قمع', 'اقتلع', 'إنطبق_على', 'تكيف', 'إنطبق_على_شكل', 'طابق_الأرقام', 'تبرعم', 'لائم', 'عبر_بالإبتسام', 'التهم', 'عاد_فجأءة', 'عقد_تعقيدا_شديدا', 'فرقع', 'أخذ_لقْطة', 'خَرَقَ', 'سدد', 'زَمْجَرَ', 'تمزق', 'خدع', 'بارى', 'قدح', 'انفجر', 'مزق_حزنا', 'أطلق_النار', 'لقح', 'ابتسم', 'زود', 'بكى_من_الفرح', 'وافق', 'ضحِك_من', 'وازى', 'شوى', 'هر_الكلب_مخرجا_أسنانه', 'تشظى', 'جر_اللسان', 'قطع', 'ناغم', 'قارن', 'وبخ', 'وجه_ضربة', 'انقطع', 'ضحك', 'إندفع_بسرعة', 'قتل', 'أقر', 'جدول', 'إنتقد_بحدة', 'هزأ_من', 'كافأ', 'قطع_الى_قطع_صغيرة', 'صوب', 'ماثل', 'حمص', 'سلم', 'توصل_إلى_تسوية', 'أطلق_نحو_الهدف', 'ضبط', 'تثلّم', 'اِتّفق', 'عبر', 'تدخل', 'إنسجم_مع', 'تحمص', 'جرح', 'حقن', 'رد_بعنف', 'صوّر_فُوتُوغرافِيًّا', 'جعله_مطابقا', 'قفز_على', 'خرج_للصيد', 'تصور_فوتغرافيا', 'قضم', 'توافق', 'تكسّر', 'هدم', 'أعد', 'تهكم', 'أطلق_النار_في_الهواء', 'كبح', 'دون', 'صوّر', 'نطق_بكلمة_لاذعة', 'هزِئ', 'تشابك', 'مزح', 'صور_فوتغرافيا', 'سخر', 'كسر', 'فحص', 'حسب', 'أصاب', 'أوقف', 'اِبْتسم', 'تطابق', 'تـطابق', 'انكسر', 'تراسل', 'تماشى', 'انسجم', 'رسم_مربعات', 'قرر_بسرعة', 'انحرف', 'قلد', 'عرض_الخصم_للخطر', 'قطع_على_شكل_رقاقات', 'حسب_النقاط', 'عبر_بزمجرة', 'قدم', 'هزأ', 'وصل', 'هزأ_ب', 'عد', 'تهشم', 'تهكّم', 'جهز', 'لاءم', 'ناسب', 'قذف_فجأة', 'انتزع', 'سحب_مالا', 'ودع', 'إنقصف_فجأة', 'انفتق', 'قدم_المال', 'سخِر', 'أخذ_صورة', 'قيد', 'زجر', 'طقطق_الأصابع', 'حاكى_بسخرية', 'باع', 'لقف', 'عض', 'كبت', 'إنغلق_بحركة_مفاجئة', 'نهش', 'ضحِك', 'برز', 'نسق', 'مزق', 'زمجر', 'تحدى_بإزدراء', 'أصبح_مضحك', 'اِسْتهْزأ', 'اصطاد', 'مطره_بالأسئلة', 'حقق', 'شوه_بكسر', 'أصاب_بالفتق', 'انزلق', 'نما', 'مزّق', 'أعدم', 'اتفق', 'أحبط', 'صور']",استهزأ بشخص أو شيء وحقّره,سخر من طريقة كلامه أمام الجميع.
AR1795,n,svp,no,سخط,['omw-arb-07516354-n'],[no_synset_lemma],الغضب الشديد والكراهية تجاه شخص أو وضع ما,نظر إليه بسخط وامتعاض.
AR862,n,asm,no,سخيف,[no_synset],[no_synset_lemma],شخص أو شيء تافه لا قيمة له ومثير للضحك,يا له من رجل سخيف!
AR954,n,asm,no,سذاجة,['omw-arb-04895558-n'],"['سذاجة', 'سِرْعة_التّصْدِيق']",صفة البساطة المفرطة التي تصل إلى حد الغباء,استغلوا سذاجته وسرقوا أمواله.
AR2151,n,re,no,سراق,['omw-arb-10707804-n'],[no_synset_lemma],صيغة مبالغة من سارق، وتصف من يمتهن السرقة,هؤلاء المسؤولون مجرد سراق للمال العام.
AR2662,n,cds,no,سطحية,[no_synset],[no_synset_lemma],صفة مهينة لشخص أو فكرة تفتقر إلى العمق والجدية,أفكاره سطحية ولا تستحق النقاش.
AR2242,n,re,no,سفاح,['omw-arb-10231087-n'],[no_synset_lemma],مجرم يقتل بدم بارد، قاتل متسلسل,وصفوا الدكتاتور بأنه سفاح قتل شعبه.
AR1756,n,re,no,سفاك,"['omw-arb-10338707-n', 'omw-arb-10231087-n']",[no_synset_lemma],من يكثر من سفك الدماء، شديد القتل,إنه حاكم سفاك للدماء.
AR14,n,svp,no,سلبي,[no_synset],[no_synset_lemma],شخص لا مبادرة لديه، متشائم، وغير فعال,لا تكن سلبياً وشارك في حل المشكلة.
AR13,n,svp,no,سلبية,[no_synset],[no_synset_lemma],موقف أو سلوك يتسم باللامبالاة والانهزامية,سلبيته هي سبب فشله الدائم.
AR32,n,cds,no,سمسار,['omw-arb-09777012-n'],[no_synset_lemma],وصف مهين لمن يتوسط في الصفقات المشبوهة لتحقيق الربح,إنه مجرد سمسار حروب لا يهمه إلا المال.
AR1270,n,dmc,yes,سوء,"['omw-arb-07304852-n', 'omw-arb-00745637-n']",[no_synset_lemma],وصف عام لأي شيء قبيح أو فاسد,سوء خلقه أبعد الناس عنه.
AR790,n,an,no,سوقية,[no_synset],[no_synset_lemma],صفة للكلام أو التصرفات المنحطة التي تليق بالسوقة والعامة,كلامه مليء بالسوقية والبذاءة.
AR645,a,ddf,yes,سَيّئ,[no_synset],[no_synset_lemma],وصف عام لشخص أو شيء فاسد أو رديء,إنه إنسان سيئ السمعة.
AR1205,n,dmc,yes,شخص غير مستقر,[no_synset],[no_synset_lemma],إهانة تصف شخصاً بأنه متقلب المزاج، غير موثوق، أو مجنون,لا يمكن الاعتماد عليه، إنه شخص غير مستقر.
AR78,n,ddp,yes,شرج,[no_synset],[no_synset_lemma],كلمة بذيئة جداً تشير إلى فتحة الشرج، وتستخدم كإهانة قاسية,شتيمة سوقية تستخدم للتعبير عن الاحتقار الشديد.
AR1539,a,pr,no,شرموط,[no_synset],[no_synset_lemma],وصف بذيء ومهين للرجل الذي يتصرف بلا أخلاق أو شرف,يتهمه الناس بأنه شرموط بسبب علاقاته المتعددة.
AR1535,n,pr,no,شرموطة,[no_synset],[no_synset_lemma],شتيمة بذيئة وقاسية للمرأة، تعني عاهرة أو امرأة منحلّة أخلاقياً,شتمها بأقبح الألفاظ قائلاً لها يا شرموطة.
AR1183,n,svp,no,شره,[no_synset],[no_synset_lemma],وصف مهين للشخص النهم والجشع الذي لا يشبع أبداً,إنه شره للمال والسلطة.
AR739,n,dmc,yes,شرير,['omw-arb-09831962-n'],[no_synset_lemma],شخص مؤذٍ ونواياه سيئة، يستمتع بإيذاء الآخرين,إنه رجل شرير يستمتع بمعاناة الآخرين.
AR1418,a,re,no,شقي,['omw-arb-09831962-n'],[no_synset_lemma],مجرم أو خارج عن القانون، سيء السلوك,قبضت الشرطة على عصابة من الأشقياء.
AR2601,a,svp,no,شهواني,[no_synset],[no_synset_lemma],شخص تسيطر عليه رغباته الجنسية بشكل مفرط ومقزز,نظرته الشهوانية لها كانت مقرفة.
AR2574,n,an,no,صرصور,[no_synset],[no_synset_lemma],إهانة تصف شخصاً بأنه حقير ومقرف وجبان,اختبأ مثل الصرصور عندما بدأت المشكلة.
AR625,n,dmc,yes,صعلوك,[no_synset],[no_synset_lemma],شخص فقير متسول، أو شخص لا قيمة له وبلا أخلاق,لا تتصرف كالصعاليك في الشوارع.
AR2442,n,an,no,صوص,[no_synset],[no_synset_lemma],إهانة لشاب صغير لتقزيمه واعتباره بلا خبرة,ما زلت صوصاً صغيراً لتتحدث في هذه الأمور.
AR2469,a,ps,yes,صيني,['omw-arb-03133538-n'],[no_synset_lemma],تستخدم أحياناً كوصف ازدرائي لشيء رخيص أو مقلد الجودة,"هذه البضاعة ""صيني""، ستتعطل بسرعة."
AR1492,v,asm,no,ضاجع,"['omw-arb-00014742-v', 'omw-arb-01428853-v', 'omw-arb-01426397-v']","['زوج', 'عاشر', 'دار', 'فتن', 'اتهم', 'هوى', 'طرف', 'لاحظ', 'قص_شعر_الناصية', 'إلتقان_أزواجا', 'هجع', 'أصلح_بالمفك', 'شاطر', 'نام', 'نجح', 'فهم', 'عرف', 'علم', 'اِتّصل_جِنْسِيّاً', 'ضاجع', 'غازل', 'برهن', 'هزم', 'ميز', 'ضرب_بعنف', 'إجتمع_أزواجا', 'تسافد', 'غلق_بقوة', 'اقتران', 'تعشق', 'زاوج', 'لوى', 'ولع_ب', 'قرع', 'نام_مع', 'تقارن', 'حدث_ضجة_عالية', 'عانى', 'خبط', 'ولع', 'رتب_زوجا_زوجا', 'لولب', 'عشق', 'قضى_الوقت_بالنوم', 'قذف_بقوة', 'أضاع_الوقت', 'غفو', 'ترنح', 'رتب_زواج_زوجين', 'نكح', 'زوجان', 'عرف_جيدا', 'تلوى', 'درى', 'شغف_ب', 'ضغط', 'تلفظ_بحماقات', 'أمات_الشاه', 'تلولب', 'غرس', 'جامع', 'عرف_شخص', 'قرن', 'إتسع_لعدد_معين', 'ازدوج']",فعل بذيء يعني ممارسة الجنس، يستخدم للتباهي أو التحقير,استخدم الكلمة في شجار ليُهين غريمه.
AR1647,n,an,no,ضبع,[no_synset],[no_synset_lemma],وصف لشخص جبان وانتهازي، يهاجم الضعفاء فقط,إنه ضبع، لا يواجه الأقوياء أبداً.
AR1529,a,qas,no,طفيلي,['omw-arb-01384687-n'],[no_synset_lemma],شخص يعيش على حساب الآخرين دون أن يقدم شيئاً,إنه طفيلي يعيش على أموال عائلته.
AR234,n,svp,no,طمع,[no_synset],[no_synset_lemma],الرغبة الشديدة والجشعة في امتلاك كل شيء على حساب الغير,الطمع أعمى قلبه وجعله يخسر كل شيء.
AR2374,n,dmc,yes,عابث,[no_synset],[no_synset_lemma],شخص مستهتر وغير جاد، يعبث بمصائر الآخرين,إنه شاب عابث لا يتحمل أي مسؤولية.
AR789,n,an,no,عامي,[no_synset],[no_synset_lemma],وصف ازدرائي لشخص غير مثقف أو بسيط الفكر,تفكيره عامي جداً ويفتقر للعمق.
AR1533,a,pr,no,عاهر,[no_synset],[no_synset_lemma],وصف مهين للرجل الفاسق أو الذي يبيع جسده,وصفه خصمه بأنه عاهر ليفسد سمعته.
AR344,n,an,no,عاهرة,[no_synset],[no_synset_lemma],شتيمة قاسية للمرأة تعني بائعة الهوى أو المنحلة أخلاقياً,شتمها بأقذع الشتائم ونعتها بالعاهرة.
AR1415,n,svp,no,عبث,['omw-arb-01586278-v'],"['تسلى', 'لعب_مع', 'لعب_دور', 'لها', 'عبث', 'لعِب', 'ترِف', 'إشترك_في_لعبة', 'تلاعب_بالألفاظ', 'حرك_حجر_الشطرنج', 'مثل', 'لعب', 'اِنْغمس_فِي_الملاذ', 'عزف', 'تلاعب', 'بارى', 'تنافس']",تصرف أحمق لا فائدة منه ولا غاية له,كل ما تفعله هو عبث في عبث.
AR1595,n,ps,yes,عبري,['omw-arb-09681351-n'],[no_synset_lemma],تستخدم أحياناً كشتيمة سياسية بمعنى صهيوني أو إسرائيلي,"وصف الإعلام المعادي بأنه ""ناطق بالعبرية""."
AR1391,n,an,no,عبوس,[no_synset],[no_synset_lemma],شخص متجهم الوجه بشكل دائم، يوحي بالكآبة وعدم الود,لا أحد يحب التحدث معه لأنه رجل عبوس.
AR2003,n,pa,yes,عتال,[no_synset],[no_synset_lemma],إهانة تصف الشخص بالغلظة والجهل، وأنه لا يصلح إلا للعمل الجسدي,يتعامل مع الأمور بعقلية عتال.
AR693,n,asf,no,عته,[no_synset],[no_synset_lemma],نقص في العقل وضعف في التفكير يشبه الخرف,أفكاره تدل على عته أصابه في كبره.
AR1870,n,pr,no,عث,['omw-arb-02283201-n'],[no_synset_lemma],إشارة إلى شخص أو فكرة قديمة بالية لا قيمة لها,أفكاره بالية أكل عليها العث.
AR609,n,cds,no,عجرفة,['omw-arb-04887912-n'],[no_synset_lemma],التكبر والتعالي على الناس بوقاحة وصلف,يتكلم بعجرفة وكأن الناس عبيد له.
AR1137,n,om,no,عجز,['omw-arb-05559727-n'],[no_synset_lemma],انعدام القدرة على فعل شيء، ويستخدم للتحقير والإهانة,"سخر منه قائلاً: ""هذا دليل عجزك""."
AR1691,n,is,yes,عدم,"['omw-arb-14493145-n', 'omw-arb-13959818-n', 'omw-arb-14455700-n', 'omw-arb-13959931-n']","['لاوُجُود', 'فناء', 'عدم', 'فراغ', 'بُطْلان', 'عوز', 'فقْر']",وصف لشخص بأنه لا قيمة له وكأنه غير موجود,أنت عدم بالنسبة لي.
AR117,a,svp,no,عدواني,[no_synset],[no_synset_lemma],شخص ميال للهجوم وإيذاء الآخرين بلا سبب,سلوكه العدواني يجعله منبوذاً.
AR2688,v,re,no,عذب,"['omw-arb-01802689-v', 'omw-arb-01789514-v', 'omw-arb-00071178-v']","['اعتدى', 'غضب', 'تحرش', 'نغّص', 'إنتهك_حرمة', 'عذّب', 'أرْهق', 'عذب', 'أربك', 'شوه', 'تثاقل_على', 'نزل_به_كارثة', 'أرهق', 'تعذب', 'أنْهك', 'نكّد', 'استفز', 'نهك', 'أزْعج', 'حث', 'اِسْتفزّ', 'تحرّش', 'غيظ', 'أزعج', 'حرض', 'أقلق', 'أصابه_بطاعون', 'ضايق', 'أحدث']",ألحق الأذى الجسدي أو النفسي الشديد بشخص ما,عذب السجناء بوحشية لا توصف.
AR404,n,cds,no,عصابة,['omw-arb-08244062-n'],[no_synset_lemma],مجموعة من المجرمين أو الأشخاص السيئين,هو زعيم عصابة لسرقة السيارات.
AR1298,n,cds,no,عصبية,['omw-arb-06206334-n'],[no_synset_lemma],التحزب الأعمى لطائفة أو قبيلة على حساب الحق والعدل,العصبية القبلية هي سبب تخلفهم.
AR1693,n,svp,no,عطالة,['omw-arb-14010148-n'],"['عطالة', 'سُكُون', 'جُمُود']",وصف مهين لشخص كَسول لا يعمل ويعيش عالة على غيره,حياته كلها عطالة وبطالة.
AR2562,n,an,no,علق,"['omw-arb-00014405-v', 'omw-arb-01545883-v', 'omw-arb-01482075-v', 'omw-arb-01481360-v', 'omw-arb-01481647-v', 'omw-arb-01677716-v', 'omw-arb-02680814-v', 'omw-arb-01478002-v', 'omw-arb-01877355-v', 'omw-arb-02609764-v']","['اِسْتقرّ', 'هجر', 'منع', 'غادر', 'فرغ', 'زين', 'أقام_حاجِزا', 'تدلى', 'استقال', 'تسلط', 'توقف_الطائرة', 'أوقف_الدفع', 'خدر', 'ترنح', 'فرض_سيطرته', 'إقتطع_مبلغا_مستحقا', 'انقلب', 'تأرجح', 'تأرْجح', 'أنْهى', 'ثبّت', 'انسد', 'ألغى', 'انقلق', 'أزال', 'قطع', 'استراح', 'دلى', 'دار', 'انقطع', 'حجز', 'قتل', 'حاصر', 'لصق_على_جدار', 'قطع_إشتراكه', 'هزم', 'أوْقف', 'اِضْطجع', 'ثبت', 'اهتز', 'تمّ', 'هدأ', 'حول', 'انتهى', 'اِنْقطع', 'أقام_مؤقتا', 'وفق_في_إنجاز_عمل', 'اسْتراح', 'علق', 'فصل_من_العمل', 'رسخ', 'استند', 'علق_الجلسات', 'طمأن', 'فاصل', 'اعتصم', 'وضع_حدا', 'حمله_على_تغيير_رأيه', 'سدّ', 'سد', 'أثر_على', 'كفّ', 'انقضى', 'عرض', 'جمع', 'تردد', 'بقى', 'توقف_القطار', 'أوقف', 'حظر', 'قام_بزيارة', 'انحرف', 'نكس', 'تثنى', 'تحتجب', 'أعاق', 'وضع_حد', 'توقّف', 'ألْصق', 'سدد_ضربة_إلى', 'أنهى', 'إعترض', 'اِنْتهى', 'بقي', 'استجم', 'اِرْتاح', 'أخرج', 'أربك', 'كان_منتظم_الإيقاع', 'اعترض', 'تخلى', 'عرض_فى', 'ترك', 'علّق', 'توقف', 'هز', 'عاق', 'تمايل', 'أعدم', 'أحبط', 'علق_آماله_على']",وصف للشخص الطفيلي الذي يلتصق بالآخرين ليستغلهم,إنه علق، لا يتركك حتى يأخذ ما يريد.
AR2610,n,cds,no,علموية,[no_synset],[no_synset_lemma],وصف ازدرائي لمن يؤمن بالعلم بتعصب وتطرف ويرفض ما سواه,يرفض أي نقاش ديني لأنه من أتباع العلموية.
AR886,n,or,no,عليل,[no_synset],[no_synset_lemma],وصف لشخص بأن تفكيره أو خلقه مريض وفاسد,إنه رجل عليل النفس، يجد لذة في إيذاء الناس.
AR402,n,an,no,عناد,['omw-arb-04907269-n'],[no_synset_lemma],الإصرار على الباطل أو الخطأ مع العلم به,عناده هو سبب كل مشاكله.
AR399,n,cds,no,عِناد,['omw-arb-04907269-n'],"['لجاجة', 'عِناد', 'صلابة']",تكرار لعناد، ويعني الإصرار على الخطأ بتحدٍ,توقف عن هذا العناد الطفولي.
AR608,n,svp,no,عنجهية,['omw-arb-04887912-n'],[no_synset_lemma],كبر وغرور وتعالٍ على الناس بصلف وغباء,عنجهيته لا تطاق وتثير غضب الجميع.
AR778,n,an,no,عنزة,[no_synset],[no_synset_lemma],شتيمة تصف الشخص (غالباً المرأة) بالغباء والعناد,إنها عنزة عنيدة لا تفهم شيئاً.
AR2759,n,re,no,عنوة,['omw-arb-00965404-n'],[no_synset_lemma],أخذ الشيء بالقوة والقهر، اغتصاب الحقوق,أخذوا أرضه عنوة بالبلطجة.
AR68,a,an,no,عنيد,[no_synset],[no_synset_lemma],شخص يصر على رأيه أو فعله الخاطئ ولا يتراجع,لا تحاول إقناعه، إنه رجل عنيد.
AR2635,a,re,no,عنيف,[no_synset],[no_synset_lemma],شخص يستخدم القوة الجسدية لإيذاء الآخرين والسيطرة عليهم,زوجها رجل عنيف يضربها دائماً.
AR1537,n,pr,no,عهر,['omw-arb-02554066-v'],"['عاهر_بكثرة_الفجر', 'تتعهر', 'عهر', 'زنى', 'تمارس_الزنا', 'زَنَى', 'فجر', 'تمارس_البغاء', 'تاجر_بمؤهلا_ت']",الفساد الأخلاقي الشديد والفجور، خاصة الجنسي,هذا المكان مرتع للعهر والفساد.
AR2414,a,svp,no,غاضب,['omw-arb-00113818-a'],[no_synset_lemma],الحالة النفسية التي تعبر عن الاستياء الشديد والعداء,كان غاضباً لدرجة أنه لم يستطع الكلام.
AR2100,n,ddp,yes,غباء,['omw-arb-04891333-n'],"['غباوة', 'جهاْلة', 'حماقة', 'حُمْق', 'غباء', 'جهْل']",صفة قلة الفهم والعقل، وتستخدم كإهانة مباشرة,لم أرَ غباءً مثل هذا من قبل.
AR2112,n,asm,no,غباوة,['omw-arb-04891333-n'],"['غباوة', 'جهاْلة', 'حماقة', 'حُمْق', 'غباء', 'جهْل']",شكل من الغباء الشديد والبلادة وعدم الفطنة,غباوته تمنعه من فهم أبسط الأمور.
AR195,n,cds,no,غبي,[no_synset],[no_synset_lemma],شتيمة مباشرة تصف الشخص بأنه قليل الفهم والعقل,أنت أغبى شخص قابلته في حياتي.
AR2785,n,ps,yes,غجر,[no_synset],[no_synset_lemma],وصف مهين لمجموعة بأنهم بلا أصل أو أخلاق، وغير متحضرين,يتصرفون مثل الغجر في الشارع.
AR1039,n,cds,no,غدر,['omw-arb-00749767-n'],[no_synset_lemma],خيانة العهد ونقض الأمانة بشكل خسيس,طعنه في ظهره، يا له من غدر.
AR610,n,svp,no,غرور,"['omw-arb-04835028-n', 'omw-arb-07508486-n']",[no_synset_lemma],إعجاب الشخص بنفسه بشكل مفرط يدفعه لاحتقار الآخرين,غروره سوف يؤدي به إلى الهلاك.
AR1046,n,dmc,yes,غش,"['omw-arb-02244956-v', 'omw-arb-02537407-v', 'omw-arb-02575082-v', 'omw-arb-02574516-v', 'omw-arb-01118081-v', 'omw-arb-02242464-v', 'omw-arb-02573275-v', 'omw-arb-02123424-v']","['إنطلق_بسرعة', 'ضلل', 'غرر', 'خَانَ', 'نحت', 'تعامل', 'نخس', 'خاتل', 'قايض', 'باع_بصورة_جيدة', 'عالج', 'اِحْتال', 'خز', 'جلد_بالسوط', 'لدغ', 'غشّ', 'قنع', 'نقش', 'خان', 'ثقب', 'حظي_بالقبول', 'وَخَزَ', 'أذْعن', 'فضح_سرك', 'احتال', 'أحرق', 'خدع', 'بحث_العلاقات_التجارية', 'أفشى_سرا', 'خَدَعَ', 'باع', 'تاجر', 'خَضَعَ', 'دلّس', 'إحتال_للحصول_على', 'زَيَّفَ', 'رخي_أذنه_للسمع', 'بحث_في', 'كذب', 'زَوَّرَ', 'وزع', 'لسع', 'تسوق', 'ضلّل', 'باع_بسعر_محدد', 'جرح', 'سرق', 'سلّم', 'جلد', 'نخز', 'ابتز', 'تنتصب_أذنا_الحيوان', 'إستشعر_ضيقا', 'قرص', 'ساوم', 'روج_لبضاعة', 'غش', 'نقل_نبتة_من_إلي']",الخداع في معاملة أو امتحان للحصول على ميزة غير مستحقة,نجح بالغش وليس بجهده.
AR1723,n,dmc,yes,غشاش,['omw-arb-10334782-n'],[no_synset_lemma],الشخص الذي يمارس الغش والخداع كطبع له,هذا تاجر غشاش، لا تشتري منه.
AR2756,n,re,no,غصب,"['omw-arb-00965404-n', 'omw-arb-04625882-n']","['اضطر', 'دخل_بصعوبة', 'سحق', 'غصب', 'توغل', 'فرض', 'أقحم', 'دفع_بالقوة', 'كبس_على', 'إنتزع_عنوة', 'أرهق', 'اغتصب', 'سرع', 'شق_طريقة_بصعوبة', 'أدخل', 'شق_طريقه_بالقوة', 'ضغط', 'أكْره', 'تجبر', 'أجْبر', 'كره', 'أجبر_على_الطاعة', 'عصر', 'إبتز_المال']",أخذ حق أو مال بالقوة والإكراه والظلم,غصب حقه في الميراث.
AR1409,n,svp,no,غضب,['omw-arb-01787106-v'],"['أطلق', 'صدم', 'استاء', 'عقد', 'سحن', 'اِسْتثار', 'احتوى', 'تحرش', 'رفع_الكأس_لإحد', 'رد', 'تفاقم', 'زاد_النار_إشتعالا', 'ابتعد', 'أنتج', 'أغاظ', 'أغْضب', 'لدغ', 'خمر', 'آذَى', 'حمّى', 'سد_دينه', 'آلَمَ', 'بهر', 'مد_يده', 'صرف', 'كابد', 'انجرح', 'حقق_النصر', 'عاقب', 'أثمر', 'أيد', 'إصتدم_ب', 'تنشر', 'أنرفز', 'سند', 'إرتكب_مخالفة', 'تقاذف', 'رض', 'حل_من_إلتزام', 'أنْهك', 'استفز', 'وَلَدَ', 'ناصر', 'اصطف', 'رخي_حبلا', 'حاكم', 'حث', 'حاز', 'غيظ', 'أثار_الاستياء', 'إتخذ_موقف', 'أعال', 'خضع', 'أسخط', 'أبقى', 'واقف', 'زاد_خطورة', 'حزن', 'نجح_في_حمل', 'كفى', 'استحث', 'صعّد', 'دبر', 'غيْظ', 'أمل', 'وجه_ضربة', 'ربى', 'شجع', 'اعتدى', 'ضحك', 'ربى_الماشية', 'إِسْتبْقى', 'قتل', 'اضطر', 'عتل', 'أضرم_النار', 'احتمل', 'تألم', 'خضع_لعملية_ما', 'صمد', 'رفع', 'أهان', 'دعم', 'احتفظ', 'ترقّب', 'سلم_الروح', 'حملتْ', 'قاوم', 'كان_دون_غيره_جودة', 'عذب', 'أصبح_أسوأ', 'توقع', 'حبس_النفس', 'أشتم', 'سدد_حسابه', 'جعله_أسوأ', 'تسامح_ب', 'أحرق', 'نكد', 'نقذ', 'أبرئ', 'أثار', 'تثاقل_على', 'سلم', 'استولى', 'شيد', 'اشتمل', 'لاقى', 'اِهْتِياج', 'حول', 'ساعد', 'أضرم', 'أحْنق', 'تضمن', 'عبر', 'ساء', 'سلك', 'طرد', 'دفع', 'ترشح', 'أسْخط', 'نهك', 'حصّل', 'رقى', 'نقل', 'ولد', 'رافق', 'جرح', 'سبب_ألما_جسديا', 'استيقظ', 'حصى', 'أزعج', 'اعتمد', 'حرض', 'حرك', 'استحوذ', 'كان_مصدر_إزعاج', 'سخّن', 'قوى', 'خَدَشَ', 'جمع_تبرعات', 'طول', 'أعطى', 'أصابه_بطاعون', 'إرتكب_جنحة', 'إِحْتفظ', 'أحدث', 'أطاق', 'تكبد', 'اٍحْتوى', 'أمسك', 'ضر', 'سامح', 'بقِي', 'سدد_دين', 'اِسْتحثّ', 'ألم', 'جُنُون', 'كبح', 'واكب', 'تنتظر_مولودا', 'تطلع_الى', 'تراجع', 'كدم', 'أيقظ', 'قام_بنفقة_كذا', 'استمر', 'أدى', 'عقّد', 'ناقش_مطولا', 'زاد_المبلغ_المراهن_عليه', 'جمع', 'ساوى', 'عانى', 'رحل', 'أزّم', 'تلفظ_بقوة', 'نزل_به_كارثة', 'أضْجر', 'تنْتظِرُ_موْلُوداً', 'خطب', 'رفع_لأعلى', 'حكّ', 'عزز', 'تساهل', 'أوقف', 'جرح_المشاعر', 'ثَوْرَة', 'رب', 'تحمّل', 'حوى', 'وفى_بوعده', 'أيْقظ', 'أنهض', 'لسع', 'ألقى_خطابا', 'نكّد', 'قضى', 'خَرْبَشَ', 'ألقى', 'سُخْط', 'ذنب', 'سوق', 'نشر', 'صادر', 'هيّج', 'حرر', 'استوعب', 'ثور', 'أشعل', 'سعل_مخرجا_البلغم', 'تصور', 'أقلق', 'أبعد', 'وصل', 'تعقب', 'أثار_قضية', 'أهاج', 'سمح', 'أثار_سُخْط', 'رفع_معنوياته', 'أزْعج', 'ضايق', 'اتسع', 'لزم', 'مشى', 'قاد', 'قبض_على', 'نزل_به_ضررا', 'وفى', 'وقف', 'أضعف', 'بقي', 'شال', 'أحْمى', 'غضب', 'توقّع', 'هضم', 'ودع', 'قاسى', 'أنْتج', 'التفت', 'تدهور', 'إنتهك_حرمة', 'أعْضب', 'تصرف', 'فصل', 'حمى', 'ملك', 'أبحر_في_إتجاه_معين', 'أرْهق', 'إغتاظ_من', 'ظل_قائما', 'ربح', 'زور_شيكا', 'غلّ', 'كدر', 'تصرّف', 'أربك', 'هاج', 'أجج', 'غل', 'انتهك', 'تخلى', 'كبت', 'آذى', 'تنازل', 'تحمل', 'أرهق', 'كان_في_موقف', 'تولى', 'ترك', 'سخن', 'شغل', 'أعْطى', 'برز', 'صبر', 'سخن_قليلا', 'حير', 'وزع', 'أدخل', 'وهب', 'رد_بالنار', 'حمل', 'صعّب', 'وسع', 'رفع_الستارة', 'إِنْتظر', 'اِسْتفزّ', 'تحرّش', 'عاق', 'دفع_الثمن', 'أرسل', 'غاظ', 'حل', 'ترقب', 'خلى_مكانه_ل', 'بلغ_مسافة_ما', 'نهض', 'نغّص']",شعور بالاستياء الشديد والرغبة في الانتقام,كان وجهه محمراً من الغضب.
AR1636,n,cds,no,غطرسة,['omw-arb-04887912-n'],[no_synset_lemma],التكبر والتجبر والتعالي على الناس بوقاحة,يكلم الناس بغطرسة وكأنه أفضل منهم.
AR482,n,qas,no,غلطات,[no_synset],[no_synset_lemma],وصف شخص بأنه عبارة عن مجموعة من الأخطاء والعيوب,أنت مجرد غلطة في حياة والديك.
AR274,n,ps,yes,غليظ,[no_synset],[no_synset_lemma],شخص فظ، جافٍ في التعامل، وعديم اللباقة,إنه رجل غليظ القلب واللسان.
AR631,n,cds,no,غوغاء,['omw-arb-08184600-n'],[no_synset_lemma],وصف مهين لجمهور غير منظم، يثير الشغب والفوضى,تحركت الغوغاء لإحراق الممتلكات العامة.
AR1050,a,qas,no,غوغائي,[no_synset],[no_synset_lemma],شخص يثير مشاعر العامة والدهماء بالكذب لتحقيق أهدافه,إنه سياسي غوغائي لا يملك أي برنامج حقيقي.
AR1051,n,cds,no,غوغائية,[no_synset],[no_synset_lemma],أسلوب يعتمد على إثارة غرائز وعواطف العامة بدلاً من المنطق,خطابه مليء بالغوغائية والشعارات الفارغة.
AR1407,n,svp,no,غيظ,"['omw-arb-01785971-v', 'omw-arb-01793177-v', 'omw-arb-00063291-v', 'omw-arb-01759326-v', 'omw-arb-01789514-v', 'omw-arb-01786906-v', 'omw-arb-01787955-v']","['أطلق', 'صدم', 'استاء', 'اِسْتثار', 'رفع_الكأس_لإحد', 'تحرش', 'زاد_النار_إشتعالا', 'أغاظ', 'أغْضب', 'لدغ', 'خمر', 'آذَى', 'آلَمَ', 'بهر', 'انجرح', 'إصتدم_ب', 'أنرفز', 'إرتكب_مخالفة', 'تقاذف', 'رض', 'أنْهك', 'استفز', 'حث', 'غيظ', 'أسخط', 'حزن', 'استحث', 'ربى', 'اعتدى', 'ضحك', 'ربى_الماشية', 'قتل', 'أضرم_النار', 'رفع', 'أهان', 'عذب', 'أشتم', 'أحرق', 'نكد', 'أثار', 'تثاقل_على', 'شيد', 'أضرم', 'أحْنق', 'ساء', 'نهك', 'أسْخط', 'رقى', 'سبب_ألما_جسديا', 'جرح', 'استيقظ', 'حصى', 'أزعج', 'حرك', 'حرض', 'كان_مصدر_إزعاج', 'جمع_تبرعات', 'أصابه_بطاعون', 'إرتكب_جنحة', 'أحدث', 'ضر', 'اِسْتحثّ', 'ألم', 'كدم', 'أيقظ', 'ناقش_مطولا', 'زاد_المبلغ_المراهن_عليه', 'جمع', 'تلفظ_بقوة', 'نزل_به_كارثة', 'أضْجر', 'جرح_المشاعر', 'رفع_لأعلى', 'رب', 'أيْقظ', 'أنهض', 'لسع', 'نكّد', 'ذنب', 'هيّج', 'أشعل', 'ثور', 'سعل_مخرجا_البلغم', 'أقلق', 'أثار_قضية', 'أثار_سُخْط', 'أزْعج', 'أهاج', 'ضايق', 'رفع_معنوياته', 'نزل_به_ضررا', 'أضعف', 'شال', 'غضب', 'إنتهك_حرمة', 'أعْضب', 'فصل', 'أرْهق', 'إغتاظ_من', 'زور_شيكا', 'كدر', 'أربك', 'هاج', 'أجج', 'انتهك', 'آذى', 'أرهق', 'برز', 'سخن_قليلا', 'حير', 'رد_بالنار', 'رفع_الستارة', 'اِسْتفزّ', 'تحرّش', 'عاق', 'غاظ', 'سحن', 'نهض', 'نغّص']",أشد الغضب والحقد الكامن في النفس,مات بغيظه عندما رأى نجاحي.
AR345,n,dmc,yes,فاحشة,"['omw-arb-00746033-n', 'omw-arb-00745637-n']",[no_synset_lemma],الفعل القبيح جداً، وخاصة الزنا وما في حكمه,ارتكب الفاحشة في وضح النهار.
AR1272,n,dmc,yes,فاسق,[no_synset],[no_synset_lemma],شخص خارج عن طاعة الله، مرتكب للكبائر والمعاصي علناً,إنه رجل فاسق لا يهتم بالدين أو الأخلاق.
AR1327,n,ps,yes,فاشستي,['omw-arb-10079893-n'],[no_synset_lemma],وصف ازدرائي لشخص مستبد، عنصري، ويؤمن بالقوة والعنف,أساليبه في الإدارة فاشستية.
AR1423,n,cds,no,فاشستية,[no_synset],[no_synset_lemma],إيديولوجية سياسية تقوم على الديكتاتورية والعنصرية والقومية المتطرفة,الفاشستية نظام قمعي مدمر.
AR1420,n,cds,no,فاشي,[no_synset],[no_synset_lemma],"مرادف ""فاشستي""، يصف شخصاً أو نظاماً يؤمن بالاستبداد والعنف",إنه حاكم فاشي قمع شعبه.
AR1325,n,cds,no,فاشية,[no_synset],[no_synset_lemma],"مرادف ""فاشستية""، نظام حكم استبدادي عنصري",العالم عانى من ويلات الفاشية.
AR1727,n,dmc,yes,فجور,['omw-arb-04850589-n'],[no_synset_lemma],الانغماس في المعاصي والشهوات بشكل علني وبلا حياء,حياته كانت مليئة بالفجور والفسق.
AR1012,n,asf,no,فرج,[no_synset],[no_synset_lemma],كلمة بذيئة تشير إلى العضو التناسلي للمرأة، وتستخدم كشتيمة قاسية,تستخدم في أقذع الشتائم التي تطعن في شرف المرأة.
AR2745,n,cds,no,فساد,"['omw-arb-13456715-n', 'omw-arb-04850589-n', 'omw-arb-13464204-n', 'omw-arb-07420770-n', 'omw-arb-14560612-n']","['فساد', 'تعفُّن', 'ضرر', 'فُجُور', 'تراجُع', 'أذى', 'فُسُوق', 'تدهْوُر', 'تسوُّس', 'اِنْحِطاط', 'تلف']",انحراف أخلاقي أو مالي، خراب الذمم والمبادئ,الفساد منتشر في هذه المؤسسة.
AR1266,n,dmc,yes,فسق,['omw-arb-02579447-v'],"['فسد_أخلاق_فلان', 'أضعف_المعنويات', 'ثبط', 'فاسد', 'حرف', 'رشا', 'فسق', 'أضلّ', 'شوش', 'أربك', 'فسد', 'أفْسد']",الخروج عن حدود الدين والأخلاق، الانحلال,هذا المكان مليء بالفسق والفجور.
AR1738,n,svp,no,فسوق,['omw-arb-04850589-n'],[no_synset_lemma],صيغة أخرى للفسق، وتعني الانحراف عن الطريق المستقيم,حذرهم من الفسوق والعصيان.
AR99,n,qas,no,فضلة,['omw-arb-15004501-n'],[no_synset_lemma],وصف مهين لشخص بأنه من بقايا الناس وحثالتهم,أنت مجرد فضلة من فضلات المجتمع.
AR1460,n,cds,no,فضولي,['omw-arb-00664449-a'],[no_synset_lemma],شخص يتدخل في شؤون الآخرين بشكل مزعج وغير لائق,لا تكن فضولياً، هذا الأمر لا يعنيك.
AR508,n,pa,yes,فظاظة,"['omw-arb-04710127-n', 'omw-arb-01224031-n']","['مشقّة', 'خُشُونَة', 'قسْوة', 'نصب', 'صرامة', 'حِدّة', 'قِلّة_ذوْق', 'غِلْظ', 'فظاظة', 'شِدّة', 'فجاجة', 'قِلّة_تهذيب', 'غلاظة', 'شظف', 'قساوة', 'قِلّة_أدب', 'غِلْظة', 'وَقَاحَة']",الجفاء والغلظة في القول والفعل بشكل جارح,عاملني بفظاظة لا مثيل لها.
AR1682,n,is,yes,فقر,"['omw-arb-02317661-v', 'omw-arb-01564144-v', 'omw-arb-01566490-v']","['هدم', 'فقر', 'ألحق_الضرر_ب', 'أضعف_الأرض', 'سلب_المرأة_عفافها', 'فلس', 'تهدم', 'أفْقر', 'انهار', 'سلبه_الخصب', 'خرب', 'خَرَّبَ', 'أباد', 'افتقر', 'هدّم', 'أضْعف', 'أحْوج', 'دمر', 'دمّر', 'أذي', 'أحبط', 'تلف']",تستخدم للتحقير والإشارة إلى ضآلة الفكر أو الإمكانيات,الفقر ليس عيباً، ولكن تفكيرك الفقير هو العيب.
AR2467,n,is,yes,فقير,[no_synset],[no_synset_lemma],تستخدم كإهانة طبقية للتحقير من شخص بسبب وضعه المالي,نظر إليه باحتقار لأنه فقير.
AR1322,n,qas,no,فلاح,['omw-arb-03146846-n'],[no_synset_lemma],إهانة طبقية تصف الشخص بأنه قروي، متخلف، وغير متحضر,"يتكلم بلهجة ""فلاحين"" للسخرية منه."
AR375,n,cds,no,فوضى,"['omw-arb-13973059-n', 'omw-arb-13972797-n']",[no_synset_lemma],وصف حياة شخص أو عقله بأنه مضطرب وغير منظم,حياتك عبارة عن فوضى عارمة.
AR2244,n,re,no,قاتل,"['omw-arb-10231087-n', 'omw-arb-10338707-n']","['وغى', 'تعارف', 'صارع', 'لاكم', 'قاتل', 'تبارز', 'قاوم', 'دافع', 'حمى', 'ناضل', 'عرك', 'خاض_معركة', 'اعترض', 'عارض', 'إصتدم_ب', 'تعارك', 'عارك', 'شق_طريقه_بجهد', 'شنّ_حرْبا', 'صان', 'عادى', 'تقاتل', 'خَاضَ_مَعْرَكَة', 'تقدم_بصعوبة', 'حارب', 'كافح', 'ضاد']",الشخص الذي يزهق روح إنسان عمداً، مجرم,وصفوا الدكتاتور بأنه قاتل شعبه.
AR267,n,dmc,yes,قاطع طرق,[no_synset],[no_synset_lemma],لص أو مجرم، وتستخدم لوصف شخص يستغل الناس بلا رحمة,هذا المسؤول أسوأ من قاطع طرق.
AR2257,n,ddf,yes,قباحة,"['omw-arb-00746033-n', 'omw-arb-04690196-n']","['قباحة', 'جرِيْمة_مُنْكرة', 'فِعْل_شائِن', 'فاْحِشة', 'كبِيْرة', 'فداحة', 'قُبْح', 'شناعة', 'بشاعة']",شدة القبح في الشكل أو الأخلاق أو الفعل,لم أحتمل قباحة ألفاظه.
AR2259,n,ddf,yes,قبح,['omw-arb-04690196-n'],[no_synset_lemma],صفة ما هو غير جميل ومثير للنفور في الشكل أو المضمون,قبح روحه يظهر على وجهه.
AR762,n,cds,no,قبلية,['omw-arb-05954807-n'],[no_synset_lemma],التعصب للقبيلة على حساب الوطن أو الحق والعدل,القبلية هي أكبر عائق أمام بناء الدولة.
AR2633,a,ddf,yes,قبيح,['omw-arb-00220956-a'],[no_synset_lemma],شخص أو شيء سيء المنظر أو الفعل,إنه رجل قبيح شكلاً ومضموناً.
AR2234,n,re,no,قتل,['omw-arb-02482425-v'],"['أطلق', 'بدأ', 'أكْمل', 'نقض', 'اِسْتثار', 'رفع_الكأس_لإحد', 'صور', 'تحرش', 'منع', 'تبرعم', 'زاد_النار_إشتعالا', 'فرغ', 'استلم', 'خمر', 'وَضَعَ_نِهَايَة_لـِ', 'عجل', 'التهم', 'عاد_فجأءة', 'فرقع', 'أخذ_لقْطة', 'سدد', 'قدح', 'أمات', 'كشط', 'خفض_الأشسعار', 'صرف', 'قبل', 'أطلق_النار', 'توقف_الطائرة', 'أوقف_الدفع', 'بعث', 'لقح', 'سقط', 'اختار', 'نجز_بسرعة', 'إقتطع_مبلغا_مستحقا', 'استفز', 'نجا', 'قضى_على', 'اِغْتال', 'نقص', 'أنْهى', 'حث', 'انسد', 'غيظ', 'أخذ', 'قتّل', 'ألغى', 'اقتضى', 'رمش', 'قطع', 'جر_اللسان', 'إنهار', 'كمل', 'استحث', 'وجه_ضربة', 'ربى', 'انخفض', 'ضحك', 'ربى_الماشية', 'جرى_بسرعة', 'قتل', 'انقطع', 'حجز', 'أضرم_النار', 'هزم', 'أوْقف', 'رفع', 'اشترى', 'وَضَع_حَدَّاً_لـِ', 'أمسك_ب', 'صوب', 'حلق_الذقن', 'هجوم', 'إِغْتال', 'أحرق', 'أتمّ', 'أثار', 'سقوط', 'شيد', 'استولى', 'تمّ', 'أطلق_نحو_الهدف', 'نظر_بإحتقار', 'اِنْطلق_بِسُرْعة_البرْق', 'انتهى', 'أضرم', 'حول', 'تلمع', 'اِنْقطع', 'أقام_مؤقتا', 'نشر_الخبر_بسرعة', 'رشق', 'أسقط', 'رقى', 'رافق', 'جرح', 'حقن', 'رد_بعنف', 'فصل_من_العمل', 'صوّر_فُوتُوغرافِيًّا', 'استيقظ', 'مس_برفق', 'مات_في_ساحة_المعركة', 'حرض', 'علق', 'انسحب', 'قفز_على', 'لمع', 'خرج_للصيد', 'تصور_فوتغرافيا', 'توقف_عن_التدخين', 'وفد', 'فرغ_مِن', 'جمع_تبرعات', 'عدا', 'قضم', 'سكن', 'أحدث', 'إستحوذ_على', 'قبل_التحدى_للمبارزة', 'قصد', 'وضع_حدا', 'اِسْتحثّ', 'سد', 'أطلق_النار_في_الهواء', 'استعجل', 'هبط_النهر', 'أيقظ', 'انقضى', 'استمر', 'ذبح', 'صفّى', 'زاد_المبلغ_المراهن_عليه', 'صوّر', 'نطق_بكلمة_لاذعة', 'جمع', 'انحدر', 'تردد', 'تلفظ_بقوة', 'صنع_فيلما', 'صور_فوتغرافيا', 'سخر', 'توقف_القطار', 'رفع_لأعلى', 'أصاب', 'نال', 'أوقف', 'حظر', 'احتل', 'قطر', 'انكسر', 'رب', 'قام_بزيارة', 'أسر', 'قرر_بسرعة', 'أيْقظ', 'أنهض', 'تطلب', 'تعود', 'شارك', 'أرْسل', 'أرسل_بسرعة', 'تناول', 'تغشى', 'وضع_حد', 'أدرك', 'هيّج', 'أشعل', 'توقّف', 'ثور', 'سعل_مخرجا_البلغم', 'اِنْدفع_كالسهْم', 'أثار_قضية', 'أهاج', 'أنهى', 'تهشم', 'رفع_معنوياته', 'إنطلق_بسرعة', 'وابل', 'استعاد', 'اِنْتهى', 'قذف_فجأة', 'شال', 'بقي', 'غضب', 'نزل', 'خصم', 'إنطلق_بسرعة_الريح', 'اندفع', 'انطلق', 'إنقصف_فجأة', 'نجز', 'فصل', 'حطم', 'حسم', 'أخذ_صورة', 'إصطاد_عصفورين_بحجر_واحد', 'تدنى', 'زور_شيكا', 'زجر', 'طقطق_الأصابع', 'أربك', 'هاج', 'أجج', 'إنفجر_غضبا', 'ذبّح', 'باع', 'لقف', 'اعترض', 'عض', 'إنغلق_بحركة_مفاجئة', 'ترك', 'عكس_النور', 'نهش', 'برز', 'دنا_من_الشيء', 'أضفى_اللمسات', 'سخن_قليلا', 'نهض', 'حسم_مِن_السِّعْر', 'رد_بالنار', 'حمل', 'رفع_الستارة', 'توقف', 'اصطاد', 'مطره_بالأسئلة', 'تخلّص_مِن', 'حقق', 'كفّ_عن', 'انزلق', 'وقع', 'نما', 'اِنْطلق_بِسُرْعة', 'إنطلق_بسرعة_البرق', 'سحج', 'أعدم', 'قذف_بعنف', 'تحجب', 'قشر']",فعل إزهاق الروح، ويستخدم مجازاً لوصف تدمير شيء ما,لقد قتل أحلامي بقراره.
AR2521,a,dmc,yes,قذر,[no_synset],[no_synset_lemma],شخص أو شيء متسخ، أو منحط أخلاقياً,ابتعد عني أيها القذر.
AR2231,n,an,no,قرّاد,[no_synset],[no_synset_lemma],وصف لشخص طفيلي ولزج يلتصق بالآخرين لمصلحته,إنه نشبة مثل القراد لا يتركني وشأني.
AR2422,n,re,no,قرصان,[no_synset],[no_synset_lemma],لص أو سارق، خاصة في البحر أو على الإنترنت,هذا الموقع يديره قراصنة يسرقون الأفلام.
AR1210,n,ddf,yes,قزم,[no_synset],[no_synset_lemma],إهانة لشخص قصير القامة، أو للتحقير من شأنه وقيمته,من أنت أيها القزم لتتحدى الكبار؟.
AR429,n,cds,no,قصاص,[no_synset],[no_synset_lemma],العقوبة بالمثل، وتستخدم للتهديد بالانتقام الشديد,سوف أنال القصاص منك على ما فعلت.
AR1787,n,asm,no,قضيب,"['omw-arb-02788689-n', 'omw-arb-04100174-n']",[no_synset_lemma],كلمة بذيئة تشير إلى العضو الذكري، وتستخدم كشتيمة,كلمة سوقية تستخدم في الشتائم الذكورية القاسية.
AR1607,n,cds,no,قطيع,[no_synset],[no_synset_lemma],وصف مهين لمجموعة بأنهم يسيرون بلا وعي خلف قائد,لا تكن فرداً في القطيع، فكر بنفسك.
AR1135,n,om,no,قفا,"['omw-arb-04059701-n', 'omw-arb-05559256-n']","['عجْز', 'دُبُر', 'خَلْف', 'ظهْر', 'عجِيزة', 'طرف', 'دُبْر', 'قفا', 'ردْف', 'كفل', 'مُؤخرة', 'مُؤخِّرة', 'مقْعد']",مؤخر العنق، يرتبط استخدامه بالإهانة والضرب كدليل على الذل,ضربه على قفاه كإشارة لاحتقاره.
AR968,n,ddp,yes,قماءة,[no_synset],[no_synset_lemma],صفة الحقارة والدناءة وصغر الشأن,يعيش في قماءة وذل بسبب أفعاله.
AR927,n,qas,no,قمامة,[no_synset],[no_synset_lemma],شتيمة تصف شخصاً أو فكرة بأنها عديمة القيمة ومنحطة,أفكارك مكانها في سلة القمامة.
AR21,n,re,no,قهر,"['omw-arb-04625882-n', 'omw-arb-00419908-n']","['كد', 'قمع', 'عالج', 'عالج_موضوعا', 'حزم', 'انطحن', 'ضرب', 'اِسْتنْزف', 'تجاوز', 'طرق', 'قرش', 'خَفَقَ', 'كتم', 'سيْطر', 'دق', 'تفوق', 'ضنى', 'غلب', 'أنْهك', 'رزم', 'اختار', 'دحر', 'حاز', 'تغلب', 'جلد', 'استنزف', 'فني', 'أزال', 'فاجأ', 'أنفق', 'تخطى', 'هزم', 'أخفى_شهادة', 'سيطر', 'فول', 'وقع_محدثا_صوتا_عاليا', 'قهر', 'أخفى', 'جعد', 'هزم_هزيمة_منكرة', 'رأس', 'أصلح_للرزم', 'نهك', 'شحن', 'ألحق_ب', 'طرق_بقوة', 'لمع', 'عصر', 'قضم', 'تركه_فجأة', 'تلف_خصوبة_التربة', 'وضع_حدا', 'فرغ_كليا', 'تعطل', 'هيمن', 'سد', 'سحق', 'كبح', 'ضرب_بعنف', 'اجتاز', 'طرق_المعادن', 'أجْهد', 'غمر', 'كسر', 'حشا', 'حظر', 'زود_بإلة_مزيلة_للتشويش', 'تغلّب_على', 'ارتحل', 'أدرك', 'أخمد', 'رتب', 'ابتلع', 'دقّ', 'إنصرف_على_عجل', 'طحن', 'خفق', 'خنق', 'استنفد', 'فاز', 'اِسْتنْفد', 'نبض', 'حشر', 'سافر', 'قرع', 'أربك', 'مشى_بخطوات_قوية', 'ذلل', 'كبح_جماح', 'كبت', 'أرهق', 'جرش', 'تراكم', 'تشابه', 'حرم', 'حشد', 'قرع_طبلا', 'وضب', 'ضرب_بقوة', 'تكوم', 'رطم']",الظلم الشديد والإذلال والغلبة بالقوة,شعر بالقهر لعدم قدرته على أخذ حقه.
AR1299,n,cds,no,قواد,[no_synset],[no_synset_lemma],من يسهل الدعارة ويستغل النساء، شتيمة شديدة الانحطاط,اتهمه بأنه قواد ليدمر سمعته.
AR1300,n,cds,no,قوّاد,[no_synset],[no_synset_lemma],صيغة مشددة ومبالغة من قواد، للدلالة على شدة الانحطاط,إنه قوّاد محترف في عالم الجريمة.
AR1119,n,dmc,yes,كاذب,[no_synset],[no_synset_lemma],شخص لا يقول الحقيقة، مخادع,لا أصدقك، أنت كاذب.
AR2774,n,dmc,yes,كافر,['omw-arb-10007109-n'],[no_synset_lemma],شتيمة دينية قاسية لمن لا يؤمن بالدين أو يخرج عنه,كفّره الشيخ بسبب آرائه المختلفة.
AR2096,n,an,no,كبش,['omw-arb-02411705-n'],[no_synset_lemma],شخص يُقَدَّم كضحية لحماية الآخرين، كبش فداء,جعلوه كبش فداء ليغطوا على فسادهم.
AR393,n,dmc,yes,كذاب,[no_synset],[no_synset_lemma],صيغة مبالغة من كاذب، شخص كثير الكذب بشكل احترافي,لا تصدقه، إنه كذاب ومخادع.
AR359,n,cds,no,كذب,"['omw-arb-00836705-v', 'omw-arb-00684645-v']","['ضلل', 'تمدد', 'استلقى', 'كمن', 'خَالَفَ', 'دلّع', 'تعطل', 'خاتل', 'اِستلْقى', 'دجل', 'ناقض', 'ضل', 'بدد', 'أثقل', 'فنّد', 'قاوم', 'غشّ', 'دلل', 'حظي_بالقبول', 'كمن_في', 'أذْعن', 'كدر', 'خدع', 'رفض', 'اضطجع', 'خَدَعَ', 'اعترض', 'شوه', 'قام_بأعمال_السلب', 'رقد', 'دلّل', 'عارض', 'خَضَعَ', 'إصتدم_ب', 'أرهق', 'كذب', 'خرب', 'ظل', 'نكر', 'تعارض', 'ضلّل', 'عادى', 'ضاد', 'نهب', 'سلّم', 'أنْكر', 'جثم', 'فسد', 'سلق', 'غش', 'تلف', 'عامل_برفق']",قول غير الحقيقة، ويستخدم لوصف كلام شخص بأنه باطل,كل ما قاله كان كذباً.
AR360,n,cds,no,كذبة,[no_synset],[no_synset_lemma],خبر غير صحيح، أو وصف لشيء بأنه زائف بالكامل,حياته كلها مبنية على كذبة كبيرة.
AR1117,n,svp,no,كره,"['omw-arb-01871979-v', 'omw-arb-01930117-v', 'omw-arb-01448100-v', 'omw-arb-01774136-v', 'omw-arb-01776727-v', 'omw-arb-02504562-v']","['أطلق', 'روج', 'اقتلع', 'عقد', 'كرِه', 'تلقى', 'أزاح', 'صد', 'أطلق_النار', 'سرع', 'شق_طريقة_بصعوبة', 'مقت', 'جرى_سحب_يانصيب', 'جرّ', 'أكْره', 'واصل', 'جر', 'غرز', 'اضطر', 'ناضل', 'دفع_بالقوة', 'كبس_على', 'إنتزع_عنوة', 'ناضل_لبلوغ_هدف', 'اغتصب', 'دفع', 'ضغط', 'حرك', 'تجبر', 'كره', 'عصر', 'إجتذب_المشاهدين', 'شد', 'سحق', 'قاد_سيارة', 'نقل_بعربة', 'فرض', 'استهوى', 'تقاضى', 'أبغض', 'إندفع_نحو', 'بغِض', 'طول_معدنا', 'أخذ_جرعة_من_شراب', 'جرى_بنشاط', 'تناول', 'إبتز_المال', 'رسم', 'قذف_الكرة_بسرعة', 'حرر_وصية', 'كراهية', 'قاد', 'انتزع', 'دخل_بصعوبة', 'استل', 'حشر', 'غصب', 'أرهق_بالملاحقة', 'لفت_الانتباه', 'توغل', 'ربح', 'أقحم', 'تقدم_تدريجيا', 'سحب', 'دسر', 'جذب', 'شق_طريقه', 'شهر_مسدسا', 'لوى_القوس', 'أرهق', 'أدخل', 'ساق', 'شق_طريقه_بالقوة', 'استنتج', 'خسر', 'أجْبر', 'أجبر_على_الطاعة', 'نفر', 'تدحرج']",شعور بالبغض الشديد والنفور,أنا أشعر بالكره تجاه أفعالك المنافقة.
AR1378,n,asm,no,كريه,[no_synset],[no_synset_lemma],شخص أو شيء بغيض ومثير للاشمئزاز والنفور,إنه رجل كريه، لا أحد يطيقه.
AR1013,n,asf,no,كس,[no_synset],[no_synset_lemma],كلمة بذيئة جداً تشير للعضو التناسلي للمرأة، وتستخدم كشتيمة قاسية,شتيمة سوقية قاسية تطعن في شرف المرأة وأهلها.
AR5,n,svp,no,كسل,['omw-arb-00739270-n'],"['إِهْمال', 'كسل', 'سهْو']",الخمول وعدم الرغبة في العمل أو النشاط,فشلك في الحياة سببه الكسل والإهمال.
AR80,n,cds,no,كسلان,[no_synset],[no_synset_lemma],صفة للشخص الخامل الذي لا يحب العمل,إنه موظف كسلان لا ينجز أي شيء.
AR1881,a,an,no,كسول,[no_synset],[no_synset_lemma],مرادف لكسلان، شخص قليل النشاط والحركة,لا تكن كسولاً وانهض من فراشك.
AR310,n,an,no,كلب,['omw-arb-02084071-n'],[no_synset_lemma],شتيمة شائعة تعني الخسة والدناءة والوفاء لمن يطعمه ولو بالباطل,أنت كلب وفيٌّ لسيدك الظالم.
AR2503,n,re,no,لص,['omw-arb-01885845-v'],"['تقدم_ببطء', 'حبا', 'دب', 'دبّ', 'زحف', 'تنمل', 'زَحَفَ', 'انسل', 'تغير_شكله', 'اعترش', 'لص']",الشخص الذي يسرق، سارق,هذا السياسي لص سرق أموال الشعب.
AR271,n,cds,no,لصوصية,['omw-arb-00780889-n'],[no_synset_lemma],ممارسة السرقة والنهب، وغالباً ما توصف بها أفعال الفاسدين,تمارس هذه الحكومة اللصوصية على شعبها.
AR856,n,asm,no,لعنة,[no_synset],[no_synset_lemma],دعاء بالطرد من الرحمة، أو وصف لشخص يجلب المصائب,أنت لعنة حلت على هذه العائلة.
AR1679,n,ddp,yes,لغو,[no_synset],[no_synset_lemma],الكلام الباطل الذي لا فائدة منه,اجتماعهم كله لغو وكلام فارغ.
AR70,n,om,no,لواطة,[no_synset],[no_synset_lemma],الفعل الجنسي بين الرجال، ويعتبر من الكبائر في الدين والأعراف,اتهموه بجريمة اللواطة البشعة.
AR571,n,om,no,لواطي,[no_synset],[no_synset_lemma],وصف مهين وقاسٍ للرجل الذي يمارس الجنس المثلي,نعته باللواطي كأقسى شتيمة.
AR72,a,om,no,لوطي,[no_synset],[no_synset_lemma],شتيمة قاسية للرجل الذي يمارس الجنس مع الرجال، نسبة إلى قوم لوط,يصفونه باللوطي لتحقيره دينياً واجتماعياً.
AR1169,n,om,no,مؤخرة,"['omw-arb-08629508-n', 'omw-arb-08482700-n', 'omw-arb-08625846-n']",[no_synset_lemma],كلمة بذيئة تشير إلى الأرداف، وتستخدم في الشتائم السوقية للإهانة,شتيمة سوقية تستخدم للتحقير والإهانة.
AR436,n,cds,no,مؤذ,[no_synset],[no_synset_lemma],شخص يسبب الأذى والضرر للآخرين عمداً,جارنا رجل مؤذٍ، يفتعل المشاكل دائماً.
AR1751,a,is,yes,مؤسف,[no_synset],[no_synset_lemma],وصف لشخص أو وضع مثير للشفقة والاحتقار,حالك مؤسف وأنت لا تشعر.
AR249,n,cds,no,ماخور,[no_synset],[no_synset_lemma],بيت للدعارة والفسق، ويستخدم لوصف أي مكان فاسد,هذا المكان تحول إلى ماخور للفساد.
AR411,n,an,no,مارق,['omw-arb-10007109-n'],[no_synset_lemma],شخص خارج عن الدين أو الجماعة ومتمرد عليها,وصفوه بالمارق لأنه خالف تعاليمهم.
AR1380,n,cds,no,ماسوني,['omw-arb-08235513-n'],[no_synset_lemma],وصف لشخص بأنه ينتمي لمنظمة سرية شريرة (في سياق نظريات المؤامرة),"يتهم كل خصومه بأنهم ""ماسونيون""."
AR1382,n,cds,no,ماسونية,[no_synset],[no_synset_lemma],وصف لمنظمة بأنها سرية وشريرة تسعى للسيطرة على العالم,يحذر من خطر الماسونية العالمية.
AR522,n,an,no,ماشية,['omw-arb-01887474-n'],[no_synset_lemma],وصف مهين لمجموعة من الناس بأنهم كالبهائم يساقون بلا وعي,يسوقهم قائدهم كالماشية إلى حتفهم.
AR773,n,an,no,ماعز,['omw-arb-02416519-n'],[no_synset_lemma],"شتيمة تصف الشخص بالعناد والغباء، مثل ""عنزة""",إنه عنيد مثل الماعز لا يستمع لأحد.
AR1918,n,cds,no,مافيا,[no_synset],[no_synset_lemma],وصف لمجموعة بأنها منظمة إجرامية تعمل في الخفاء,هذه الشركة تدار بواسطة مافيا من الفاسدين.
AR1515,a,cds,no,ماكر,[no_synset],[no_synset_lemma],شخص خبيث ومخادع، يجيد الحيلة والتلاعب,احذر منه، إنه سياسي ماكر.
AR2012,n,re,no,مبتز,[no_synset],[no_synset_lemma],شخص يهدد بفضح سر للحصول على مال أو منفعة,قبضت الشرطة على المبتز الذي هدد الفتاة.
AR1277,n,dmc,yes,مبذر,[no_synset],[no_synset_lemma],شخص مسرف يهدر المال والموارد دون حساب,إنه مبذر، أضاع ثروة أبيه في أشهر.
AR1281,n,dmc,yes,مُبَذِّر,[no_synset],[no_synset_lemma],تأكيد على صفة الإسراف وهدر الموارد,لا تكن مبذراً فالشيطان يحب المبذرين.
AR1998,n,cds,no,متآمر,[no_synset],[no_synset_lemma],شخص يشارك في مؤامرة أو دسيسة ضد الآخرين,وصفوه بالمتآمر لأنه عارض خططهم الفاسدة.
AR2366,n,cds,no,متحذلق,[no_synset],[no_synset_lemma],شخص يدعي المعرفة ويتكلم بتكلف وتصنع لإظهار علمه,طريقته في الكلام متحذلقة ومزعجة.
AR502,n,qas,no,متخبط,[no_synset],[no_synset_lemma],شخص يتصرف بعشوائية وبدون تخطيط أو هدى,إنه مدير متخبط، قراراته كلها عشوائية.
AR454,n,cds,no,متخلف,['omw-arb-07948971-n'],[no_synset_lemma],شخص رجعي في أفكاره وسلوكه، غير مواكب للعصر,لا تناقشه، إنه شخص متخلف عقلياً.
AR2706,n,om,no,متخنث,[no_synset],[no_synset_lemma],شتيمة للرجل الذي يتشبه بالنساء في حركاته وكلامه,يسخرون منه في الحي ويصفونه بالمتخنث.
AR2513,n,cds,no,متذلل,[no_synset],[no_synset_lemma],شخص يظهر الخضوع والذل والتملق للآخرين بشكل مهين,إنه متذلل لرئيسه طمعاً في ترقية.
AR2391,n,cds,no,متذمر,[no_synset],[no_synset_lemma],شخص كثير الشكوى والتأفف من كل شيء,إنه موظف متذمر لا يعجبه شيء أبداً.
AR2519,a,dmc,yes,متسخ,[no_synset],[no_synset_lemma],شخص قذر في مظهره أو في أخلاقه,أفكاره متسخة مثل ملابسه الرثة.
AR1463,n,cds,no,متسكع,[no_synset],[no_synset_lemma],شخص يهيم في الشوارع بلا عمل أو هدف، صعلوك,يقضي وقته مع مجموعة من المتسكعين الفاشلين.
AR2322,n,qas,no,متسول,[no_synset],[no_synset_lemma],من يطلب المال أو العون من الناس بإلحاح وذل,توقف عن التصرف كالمتسولين واعتمد على نفسك.
AR1294,n,cds,no,متشدد,"['omw-arb-10077879-n', 'omw-arb-10074735-n']",[no_synset_lemma],شخص متصلب في آرائه (الدينية أو السياسية) ويرفض أي مرونة,إنه متشدد لا يقبل أي نقاش في أفكاره.
AR622,n,ps,yes,متشرد,[no_synset],[no_synset_lemma],شخص لا مأوى له، يعيش في الشوارع، وتستخدم للتحقير,يعيش حياة المتشردين بلا كرامة أو هدف.
AR1465,n,cds,no,متطفل,[no_synset],[no_synset_lemma],شخص يتدخل في شؤون الآخرين أو يفرض نفسه عليهم دون دعوة,لا تكن متطفلاً، هذا أمر لا يعنيك.
AR2557,n,cds,no,متعالم,[no_synset],[no_synset_lemma],من يدعي العلم والمعرفة وهو جاهل,إنه مجرد متعالم، كلامه كله استعراض فارغ.
AR2656,a,svp,no,متعالي,[no_synset],[no_synset_lemma],شخص متكبر ينظر إلى الناس بفوقية واستعلاء,أسلوبه المتعالي في الكلام يثير غضب الجميع.
AR403,n,svp,no,متعصب,"['omw-arb-10077879-n', 'omw-arb-09853645-n']",[no_synset_lemma],شخص منحاز بشدة لفكرته أو جماعته ويرفض الآخرين,إنه متعصب دينياً ولا يرى إلا نفسه.
AR2660,a,svp,no,متغطرس,[no_synset],[no_synset_lemma],شخص متكبر ومغرور يتصرف بصلف ووقاحة,الحاكم المتغطرس يكرهه شعبه.
AR495,n,cds,no,متفاخر,[no_synset],[no_synset_lemma],شخص يكثر من التباهي بنفسه وإنجازاته بشكل مزعج,إنه متفاخر لا يتوقف عن الحديث عن أمواله.
AR1832,n,dmc,yes,متكاسل,[no_synset],[no_synset_lemma],شخص يظهر الكسل ويتجنب بذل الجهد,طرد المدير الموظف المتكاسل عن عمله.
AR2658,a,svp,no,متكبر,[no_synset],[no_synset_lemma],شخص يرى نفسه أكبر وأفضل من الآخرين ويتعالى عليهم,إنه متكبر، لا يسلم على الفقراء.
AR1466,n,cds,no,متلصص,[no_synset],[no_synset_lemma],شخص يتجسس على عورات الناس وخصوصياتهم خفية,قبضوا عليه وهو متلصص على جيرانه.
AR1833,n,cds,no,متهرب,[no_synset],[no_synset_lemma],شخص يتهرب من مسؤولياته وواجباته,إنه متهرب من دفع الضرائب للدولة.
AR1747,n,svp,no,متواني,[no_synset],[no_synset_lemma],شخص مقصر ومتباطئ في أداء عمله,عوقب الجندي المتواني عن حراسة موقعه.
AR277,n,ddp,yes,متوحش,[no_synset],[no_synset_lemma],شخص عنيف وقاسٍ بلا رحمة، يتصرف كالحيوانات المفترسة,تعاملوا مع الأسرى بأسلوب متوحش.
AR1561,n,om,no,مثلي,[no_synset],[no_synset_lemma],وصف مهين في السياقات المعادية للمثلية الجنسية للرجل الذي ينجذب للرجال,"ناداه بـ ""يا مثلي"" بقصد إهانته وتحقيره."
AR1557,n,om,no,مثلية,[no_synset],[no_synset_lemma],وصف مهين للعلاقة الجنسية بين أفراد من نفس الجنس في سياق الرفض,يهاجم المثلية ويعتبرها انحلالاً أخلاقياً.
AR419,n,re,no,مجرم,"['omw-arb-01320988-a', 'omw-arb-09977660-n']",[no_synset_lemma],شخص يرتكب الجرائم ويخالف القانون,هذا الرجل مجرم، مكانه في السجن.
AR1223,a,ddp,yes,مجنون,[no_synset],[no_synset_lemma],شخص فاقد للعقل، وتستخدم كشتيمة لمن يتصرف بغرابة أو تهور,أنت مجنون إن ظننت أني سأوافق على هذا.
AR1732,n,dmc,yes,محتال,['omw-arb-10334782-n'],[no_synset_lemma],شخص مخادع يستخدم الحيلة لسرقة أموال الناس,لقد كان ضحية لرجل محتال سرق كل ماله.
AR722,a,cds,no,مخادع,[no_synset],[no_synset_lemma],شخص يظهر عكس ما يبطن ليضلل الآخرين,لا تثق به، إنه شخص مخادع وكذاب.
AR906,n,ddp,yes,مخبر,"['omw-arb-10521662-n', 'omw-arb-10569411-n']",[no_synset_lemma],شخص ينقل الأخبار سراً للسلطة، جاسوس أو واشٍ,كان مخبراً للشرطة يشي بزملائه في العمل.
AR1733,n,dmc,yes,مختلق,[no_synset],[no_synset_lemma],شيء مصطنع وغير حقيقي، قصة ملفقة,كل اتهاماته مختلقة ولا أساس لها من الصحة.
AR1130,n,dmc,yes,مرائي,[no_synset],[no_synset_lemma],شخص يتظاهر بالصلاح والتقوى أمام الناس ليخدعهم، (من الرياء),إنه مرائي، أعماله كلها للناس لا لله.
AR1760,a,cds,no,مرابي,[no_synset],[no_synset_lemma],شخص يقرض المال بفائدة فاحشة (ربا) ويستغل حاجة الناس,إنه مرابي لا يرحم، يستولي على بيوت الفقراء.
AR2773,n,dmc,yes,مرتد,['omw-arb-10007109-n'],[no_synset_lemma],من ترك دين الإسلام، وتعتبر تهمة خطيرة جداً في سياقات دينية متشددة,أعلنوا أنه مرتد وأهدروا دمه.
AR1900,n,cds,no,مرتكب,[no_synset],[no_synset_lemma],من يفعل الخطأ أو الجريمة,هو مرتكب تلك الجريمة الشنعاء.
AR1821,n,cds,no,مرحاض,['omw-arb-04446276-n'],[no_synset_lemma],إهانة لوصف مكان بالقذارة الشديدة أو فم شخص بالبذاءة,فمه عبارة عن مرحاض، لا يخرج منه إلا القبيح.
AR92,n,cds,no,مزحة,['omw-arb-00427580-n'],[no_synset_lemma],وصف مهين لشخص بأنه تافه وغير جاد، لا قيمة له,أنت مجرد مزحة سخيفة في هذا العالم.
AR2127,a,asm,no,مزدري,[no_synset],[no_synset_lemma],شخص يحتقر الآخرين وينظر إليهم بدونية,كانت نظرته كلها ازدراءً لفقرنا.
AR2529,a,dmc,yes,مزور,['omw-arb-02461723-a'],[no_synset_lemma],شخص يغير الحقيقة أو يقلد شيئاً بقصد الغش والخداع,هذا المؤرخ مزور للحقائق والتاريخ.
AR1132,n,dmc,yes,مزيف,[no_synset],[no_synset_lemma],شيء غير أصلي، مقلد ومصطنع,إنه بطل مزيف صنعته الدعاية الكاذبة.
AR2318,a,qas,no,مستغل,['omw-arb-02494923-a'],[no_synset_lemma],شخص يستفيد من ضعف الآخرين أو حاجتهم لمصلحته الشخصية,إنه مدير مستغل يدفع أجوراً زهيدة لعماله.
AR26,a,re,no,مسيئ,[no_synset],[no_synset_lemma],شخص يوجه الإساءة أو يلحق الضرر بالآخرين,هو شخص مسيء، كلامه دائماً جارح ومؤذٍ.
AR1659,a,cds,no,مشرك,[no_synset],[no_synset_lemma],من يعبد مع الله إلهاً آخر، وهي تهمة عقدية خطيرة في الإسلام,اتهمه بالكفر والشرك ليحرض الناس عليه.
AR721,n,re,no,مشعوذ,[no_synset],[no_synset_lemma],شخص دجال يدعي امتلاك قدرات خارقة لخداع الناس,هذا الرجل مشعوذ يستغل جهل الناس لسرقتهم.
AR802,n,cds,no,مشكل,['omw-arb-06306480-n'],[no_synset_lemma],وصف للشخص الذي يسبب المشاكل والمتاعب عمداً,ابتعد عنه، إنه شخص مشكل ويحب إثارة الفتن.
AR803,n,cds,no,مشكلة,"['omw-arb-05686955-n', 'omw-arb-07289014-n', 'omw-arb-06783768-n', 'omw-arb-05832264-n', 'omw-arb-05687338-n']",[no_synset_lemma],وصف مهين لشخص باعتباره عبئاً ومصدراً للمتاعب,أنت مشكلة تمشي على قدمين.
AR2526,a,dmc,yes,مضلل,['omw-arb-02461723-a'],[no_synset_lemma],شخص يقدم معلومات خاطئة عمدًا ليخدع الآخرين,إنه قائد مضلل يقود أتباعه إلى الخراب.
AR1670,a,ddf,yes,معاق,['omw-arb-07946288-n'],[no_synset_lemma],شتيمة تستخدم الإعاقة للإشارة إلى الغباء أو العجز الفكري,هل أنت معاق عقلياً حتى لا تفهم هذا الأمر البسيط؟
AR400,n,svp,no,معاندة,[no_synset],[no_synset_lemma],الإصرار على الخطأ بتحدٍ وعناد,توقف عن هذه المعاندة السخيفة واستمع للنصيحة.
AR203,n,ps,yes,معتوه,[no_synset],[no_synset_lemma],شخص ناقص العقل، أحمق وتصرفاته غير موزونة,لا يمكن أخذ رأيه على محمل الجد، إنه معتوه.
AR779,n,an,no,معزة,[no_synset],[no_synset_lemma],"شتيمة للمرأة تصفها بالغباء أو العناد، مرادفة لـ ""عنزة""",لا تفهم شيئاً، إنها مجرد معزة.
AR1686,a,is,yes,معوز,['omw-arb-02632353-v'],"['فقد', 'نقص', 'معوز', 'احتاج']",وصف ازدرائي لشخص فقير ومحتاج,نظر إليه باحتقار لأنه رجل معوز.
AR1746,a,dmc,yes,مغالط,[no_synset],[no_synset_lemma],شخص يستخدم الحجج الباطلة لتضليل النقاش,إنه مغالط محترف، يقلب الحقائق ليظهر أنه على صواب.
AR715,n,re,no,مغتاب,[no_synset],[no_synset_lemma],شخص يذكر الآخرين بالسوء في غيابهم، نمّام,لا تثق به، إنه مغتاب ينقل الكلام ويفسد العلاقات.
AR2640,a,re,no,مغتصب,[no_synset],[no_synset_lemma],من يأخذ شيئاً بالقوة والعدوان، وخاصة من يجبر شخصاً على الجنس,وصفوا الحاكم الجديد بأنه مغتصب للسلطة.
AR2555,n,cds,no,مغرور,[no_synset],[no_synset_lemma],شخص معجب بنفسه لدرجة التكبر واحتقار الآخرين,إنه شاب مغرور، يظن أن الجميع أقل منه شأناً.
AR202,a,cds,no,مغفل,[no_synset],[no_synset_lemma],شخص ساذج وشديد الغباء يسهل خداعه,لقد كنت مغفلاً عندما صدقت وعوده الكاذبة.
AR948,n,an,no,مغناج,[no_synset],[no_synset_lemma],وصف للمرأة التي تتصنع الدلال والغنج بشكل مبالغ فيه ومزعج,إنها فتاة مغناج، كل حركاتها مصطنعة ومقرفة.
AR1850,n,ps,yes,مغول,[no_synset],[no_synset_lemma],وصف جماعة بالهمجية والتخريب والوحشية,دخلوا المدينة كالـمغول، يدمرون كل شيء في طريقهم.
AR1853,n,ps,yes,مغولي,[no_synset],[no_synset_lemma],"شتيمة قاسية جداً تستخدم مرض ""متلازمة داون"" للسخرية والتحقير","استخدم كلمة ""مغولي"" كإهانة لزميله في المدرسة."
AR944,n,cds,no,مكر,[no_synset],[no_synset_lemma],الخداع والتحايل لإلحاق الأذى بالآخرين,كل خططه مبنية على المكر والخديعة.
AR2059,n,an,no,مكروب,['omw-arb-01326291-n'],[no_synset_lemma],وصف لشخص بأنه حقير ومؤذٍ ومثير للقرف، كالجراثيم,ابتعد عني أيها المكروب، لا أريد رؤيتك.
AR392,n,dmc,yes,ملفق,[no_synset],[no_synset_lemma],شيء مصطنع ومختلق وغير حقيقي,اتهاماته كلها ملفقة ولا دليل عليها.
AR1126,n,dmc,yes,منافق,[no_synset],[no_synset_lemma],شخص يظهر الخير والمودة ويبطن الشر والكراهية,إنه منافق، يقول في وجهك شيئاً ويقول من خلفك شيئاً آخر.
AR684,a,dmc,yes,منبوذ,[no_synset],[no_synset_lemma],شخص يرفضه مجتمعه ويتجنبه الجميع بسبب سوء أفعاله,أصبح منبوذاً في قريته بسبب سرقاته.
AR1444,a,dmc,yes,منتن,[no_synset],[no_synset_lemma],شخص قذر أخلاقياً، فاسد ومثير للاشمئزاز كرائحة الجيفة,فمه منتن لا يخرج منه إلا الكلام البذيء.
AR2261,n,dmc,yes,منحوس,['omw-arb-09630641-n'],[no_synset_lemma],شخص سيء الحظ، أو يجلب النحس والشقاء للآخرين,لا تعمل معه، إنه رجل منحوس يجلب الخسارة.
AR395,n,pa,yes,مندوب,"['omw-arb-10061043-n', 'omw-arb-10522035-n', 'omw-arb-10373801-n', 'omw-arb-08402442-n', 'omw-arb-09887850-n']",[no_synset_lemma],إهانة لشخص باعتباره مجرد تابع أو خادم صغير لجهة ما,هو ليس سياسياً، بل مندوب لدول أخرى.
AR1848,a,ps,yes,منغول,[no_synset],[no_synset_lemma],شتيمة قاسية جداً مرتبطة بمتلازمة داون، تستخدم للتحقير,"يسخرون منه في الحي وينادونه بـ ""يا منغول""."
AR1849,n,ps,yes,منغولي,[no_synset],[no_synset_lemma],صفة مهينة جداً تستخدم مرضاً جينياً كشتيمة للغباء أو الشكل,يا منغولي لا تكن غبيا
AR1440,n,asf,no,مهبل,[no_synset],[no_synset_lemma],كلمة بذيئة جداً تشير إلى العضو التناسلي للمرأة، وتستخدم كشتيمة قاسية,هي تفكر باستخدام مهبلها فقط
AR2303,n,dmc,yes,مهرج,[no_synset],[no_synset_lemma],شخص سخيف وتصرفاته مضحكة، لا يؤخذ على محمل الجد,لا تستمع إليه، إنه مجرد مهرج في بلاط السلطان.
AR628,a,svp,no,مهمل,[no_synset],[no_synset_lemma],شخص غير مكترث بواجباته ومسؤولياته,طُرد من عمله لأنه موظف مهمل.
AR354,n,an,no,مومس,[no_synset],[no_synset_lemma],شتيمة قاسية للمرأة تعني بائعة الهوى، عاهرة,نعتها بالمومس ليطعن في شرفها أمام الناس.
AR2058,n,an,no,ميكروب,[no_synset],[no_synset_lemma],وصف لشخص بأنه حقير ومضر كالجراثيم,أنت ميكروب يجب التخلص منه ليعم السلام.
AR1324,n,cds,no,نازي,['omw-arb-10350220-n'],[no_synset_lemma],وصف لشخص أو نظام بالعنصرية والوحشية والاستبداد,معاملته لموظفيه كانت نازية وغير إنسانية.
AR1484,v,asm,no,ناك,[no_synset],[no_synset_lemma],كلمة بذيئة جداً تشير لفعل الجماع,سوف أنيكك إذا فعلت هذا
AR1857,n,an,no,ناموسة,[no_synset],[no_synset_lemma],وصف لشخص مزعج ولحوح وتافه,صوتها مزعج كأزيز الناموسة في أذني.
AR3,v,an,no,نبح,"['omw-arb-01047596-v', 'omw-arb-01047745-v', 'omw-arb-00913065-v', 'omw-arb-00066191-v']","['سعل', 'ندب', 'التمس', 'أثار_ضجة', 'بكى', 'حدث_أثرا_مذهلا', 'كسا_باللحاء', 'نادى_على', 'هدر', 'عوى', 'أطلق_بطريقة_ارتشاحية', 'نز', 'أعلن_بصوت_عال', 'استنجد', 'صاح', 'استدعى', 'لقب', 'أعلن_عن', 'عرج', 'مكالمة', 'ذرف', 'دعا', 'قشر', 'نادى', 'هتف', 'نبح', 'زعق', 'شكا', 'نادى_بسخرية', 'عج', 'قهقه', 'قال_بصوت_عال', 'نعب', 'صرخ', 'تطلب', 'ضحك_حتى_البكاء', 'صرخ_من_الألم', 'أطلق_بنبرة_صارخة', 'عبر_عن_شيء_بالصراخ', 'انْتحب', 'استرجع', 'احتج', 'اقتضى', 'سأل', 'تباكى', 'استرد', 'تلفن', 'إجتذب_الطريدة', 'أذاع']",وصف كلام شخص بأنه صياح أجوف بلا معنى، كصوت الكلب,تركه ينبح وحده ولم يرد على شتائمه.
AR1341,n,dmc,yes,نتانة,[no_synset],[no_synset_lemma],القذارة والفساد الأخلاقي الشديد,تفوح منهم رائحة نتانة الفساد المالي.
AR2568,a,dmc,yes,نتن,[no_synset],[no_synset_lemma],شخص قذر أو فاسد أخلاقياً بشكل مقرف,إنه رجل نتن، تجنب التعامل معه تماماً.
AR2262,n,dmc,yes,نحس,['omw-arb-07304852-n'],[no_synset_lemma],شخص يجلب سوء الحظ والمصائب,وجهك نحس، لم أر الخير منذ أن عرفتك.
AR1662,a,cds,no,نذل,[no_synset],[no_synset_lemma],شخص خسيس، حقير، وعديم المروءة والشرف,لقد كان نذلاً وغدر بصديقه من أجل المال.
AR2160,a,cds,no,نرجسي,[no_synset],[no_synset_lemma],شخص أناني مغرور لا يرى إلا نفسه ولا يتعاطف مع الآخرين,من المستحيل التعامل معه لأنه نرجسي لا يهتم إلا بنفسه.
AR2156,n,cds,no,نرجسية,[no_synset],[no_synset_lemma],حب الذات المفرط والأنانية الشديدة,نرجسيته المرضية تجعله يعتقد أنه محور الكون.
AR917,n,ddp,yes,نصاب,['omw-arb-10334782-n'],[no_synset_lemma],شخص محتال وماكر يسرق أموال الناس بالخداع,احذر منه، إنه نصاب كبير ومحترف.
AR1274,n,an,no,نعجة,['omw-arb-02411705-n'],[no_synset_lemma],شتيمة للمرأة تصفها بالغباء والضعف والانقياد السهل,تسير خلف زوجها كالنعجة بلا رأي أو تفكير.
AR1123,n,dmc,yes,نفاق,[no_synset],[no_synset_lemma],إظهار عكس ما في الباطن من شر أو كذب,حياته كلها مبنية على النفاق والتملق.
AR93,n,cds,no,نكتة,['omw-arb-00431005-n'],[no_synset_lemma],وصف لشخص بأنه تافه ومثير للسخرية وغير جاد,أنت مجرد نكتة سخيفة في هذا الموقف الجاد.
AR1489,v,asm,no,نكح,"['omw-arb-01957529-v', 'omw-arb-01426397-v', 'omw-arb-01955984-v']","['دار', 'فتن', 'اتهم', 'هوى', 'إحتل_مقعدا_في_هيئة', 'قدم_إمتحانا', 'طرف', 'جلس', 'لاحظ', 'استقر', 'قص_شعر_الناصية', 'امتطى', 'بدل', 'بقي', 'أصلح_بالمفك', 'شاطر', 'نجح', 'هزم', 'فهم', 'عرف', 'علم', 'اِتّصل_جِنْسِيّاً', 'ضاجع', 'غازل', 'برهن', 'ألحق_به', 'ميز', 'ضرب_بعنف', 'أبحر', 'راهن_به_على', 'سافر', 'نجح_في_إمتحان', 'غلق_بقوة', 'لوى', 'إمتطى_صهوة_الجواد', 'ولع_ب', 'حط', 'قرع', 'نام_مع', 'درك', 'حدث_ضجة_عالية', 'عانى', 'ركب_الخيل', 'خبط', 'ركب_في_الخلف', 'ولع', 'تعنى_بالأطفال', 'إِمْتطى', 'لولب', 'عشق', 'قذف_بقوة', 'أضاع_الوقت', 'ترنح', 'ضايق_باستمرار', 'شارك_في_إجتماع', 'نكح', 'إتخذ_وضعا_أمام_الرسام', 'عرف_جيدا', 'هبط_الطائر', 'تلوى', 'درى', 'ركب', 'شغف_ب', 'ضغط', 'تلفظ_بحماقات', 'ركِب', 'إتسع_ل', 'تغلب', 'قعد', 'تلولب', 'غرس', 'جامع', 'عرف_شخص', 'طفا', 'انعقد', 'تحضن_الدجاجة_للبيض']",فعل بذيء يعني ممارسة الجنس، يستخدم للتباهي أو التحقير,كلمة بذيئة تستخدم في سياقات سوقية وعدوانية.
AR2384,n,cds,no,نميمة,['omw-arb-07223170-n'],[no_synset_lemma],نقل الكلام بين الناس بقصد الإفساد بينهم,النميمة هي سبب الخلاف بين الأصدقاء.
AR1527,n,re,no,نهب,"['omw-arb-00477941-v', 'omw-arb-02319050-v', 'omw-arb-02314275-v', 'omw-arb-02570267-v', 'omw-arb-00834009-v', 'omw-arb-00388635-v']","['ضلل', 'جز', 'اقتلع', 'ترقرق_بالماء', 'دلّع', 'منع', 'تشجع', 'بدد', 'سلخ', 'جرف', 'عقف', 'ندف', 'رفض_مرشحا', 'نقر_على_الأوتار', 'تكلب', 'خدع', 'دلّل', 'أتْلف', 'جلا', 'أَبْهَظَ', 'جرّد_مِن', 'ضلّل', 'أزال_الرياش', 'خضع', 'أبطل', 'فسد', 'عاقب_بقسوة', 'حمله_أكثر_مما_يطيق', 'أَرْهَقَ', 'انجرف', 'نزع_الزهر_عن_النبات', 'ضل', 'أفْسد', 'شوّه', 'تشرب_أو_يمتص', 'دهور', 'نظف_بالنقع', 'جرده_من_ماله', 'أخذ_بدون_حق', 'دام', 'سلق', 'أشبع', 'تلف', 'نزع_مِن', 'هدم', 'أبْهظ', 'ضر', 'لعق', 'تعطل', 'نتف_الريش', 'خلع', 'نزع', 'دهن_بطبقة_رقيقة', 'غمر', 'نتف', 'سلب', 'ثلج', 'قطف', 'خرب', 'طلب_ثمنا_أعلى', 'جرد_من_الألقاب', 'اختلس', 'دمر', 'سرق', 'زادَ_الثَّمَن', 'أسرف_في_الشراب', 'صاد', 'نقع', 'طالب_بسعر_عالي', 'تخلل', 'أضعف', 'انعقف', 'تعرى', 'ثبت_على_محك_النقد', 'غلّى', 'أثقل', 'عرى', 'أرْهق', 'دلل', 'حلب_البقرة', 'احتال', 'كدر', 'شوه', 'قام_بأعمال_السلب', 'آذى', 'أرهق', 'بلل_كليا', 'خَرَّبَ', 'كذب', 'غسل', 'جرد', 'حرم', 'دمّر', 'نهب', 'عامل_برفق', 'قشر']",سرقة المال العام أو الخاص بالقوة والفساد,ثروته جمعها من نهب خيرات البلاد.
AR1000,n,ps,yes,هجين,[no_synset],[no_synset_lemma],إهانة تشكك في نقاء أصل الشخص أو نسبه,وصفه بالهجين لأنه من عرق مختلط.
AR915,v,cds,no,هذر,"['omw-arb-01036804-v', 'omw-arb-01038666-v']","['هذر', 'زقزق', 'درْدش', 'ثرثر_كالطفل', 'حادث_سطحيا', 'برر_الكلام', 'أكثر_الكلام', 'أطلق_أصواتا', 'ثرثر', 'طقطق', 'بربر', 'نم', 'نشر_الإشاعات', 'إنهمك_فى_القيل_و_القال', 'لغا', 'تسامر', 'تصطك', 'لفظ_بغير_وضوح', 'تحادث', 'أفشى_السر', 'تحادث_في_غير_كلفة', 'هرف', 'ثرْثر', 'تتذبذب_بسرعة', 'لغى', 'تلعثم', 'تمتم', 'دردش']",الكلام الكثير الذي لا معنى له ولا فائدة منه,لقد سئمت من هذا الهذر، قل شيئاً مفيداً.
AR1678,n,ddp,yes,هراء,[no_synset],[no_synset_lemma],كلام فارغ وسخيف وباطل,كل ما تقوله هو هراء في هراء.
AR376,n,cds,no,هرج,[no_synset],[no_synset_lemma],الصياح والفوضى والكلام غير المنظم,كان الاجتماع مليئاً بالهرج والمرج ولم نخرج بنتيجة.
AR2361,v,asm,no,هزئ,"['omw-arb-00849332-v', 'omw-arb-00849080-v']",[no_synset_lemma],السخرية من شخص وتحقيره,هزئ من ملابسه البسيطة أمام زملائه.
AR308,n,an,no,هزلي,[no_synset],[no_synset_lemma],وصف لشيء بأنه سخيف ومثير للضحك ولا قيمة له,هذا القرار هزلي ولا يمكن تطبيقه على أرض الواقع.
AR2334,v,cds,no,هلك,"['omw-arb-00224295-v', 'omw-arb-00865958-v', 'omw-arb-00358431-v']","['شتم', 'تغوط', 'أعد', 'تحرق_شوقا', 'دار', 'مشى', 'خرج', 'اعتزم', 'موت', 'أضعف', 'قال', 'جهل', 'عرف_ب', 'تبرز', 'إجتاز_بنجاح', 'انطلق', 'نجح', 'نزل_به_بلاء', 'تغاضى', 'أهمل', 'غادر', 'تخلى_عن_دوره_في_اللعب', 'سلم_الروح', 'ألغى_إعلان', 'سافر', 'مات', 'تجاوز', 'سلّم_الرُّوح', 'حكم_على', 'غادر_المسرح', 'اِنْتقل_إلى_الرّفِيق_الأعْلى', 'إنتقل_إلى', 'أدى', 'فنِي', 'مضى', 'لعن', 'شق_طريقه', 'لفظ_النّفس_الأخِير', 'خَرَجَ_من_الدُّنْيَا', 'رحل', 'سير', 'انهار', 'مر', 'إِنْتهى', 'أصبح', 'تخمد', 'تعذب', 'أدان', 'لفظ_النفس_الأخير', 'ذهب', 'عبر', 'تبادل', 'مات_من_الجوع', 'هلك', 'تعفن', 'استهلك', 'أصبح_لا_مباليا', 'أصبح_أقل_تعرضا', 'حدث', 'خَرَجَ', 'مرر', 'أقر_ب', 'لُعِن', 'تشقى', 'ساعد_على', 'جدف', 'فني', 'أخمد', 'لجأ', 'فقد', 'مر_الكرة_للاعب_آخر', 'اشتم', 'زفر', 'سبّ', 'تنقضي']",دعاء على شخص بالموت والدمار,هلك الله الظالمين ومن عاونهم.
AR273,n,ps,yes,همجي,[no_synset],[no_synset_lemma],شخص متوحش، عنيف، وغير متحضر,تصرفه كان همجياً عندما كسر الأطباق.
AR432,a,cds,no,واشي,[no_synset],[no_synset_lemma],شخص ينقل الكلام بقصد الإفساد بين الناس، نمّام,كان واشياً ينقل أخبار زملائه للمدير ليسيء لهم.
AR1487,v,asm,no,واقع,"['omw-arb-13954818-n', 'omw-arb-13955461-n', 'omw-arb-04759428-n', 'omw-arb-13956097-n']","['سبب', 'طبق', 'واقع', 'أعدّ', 'عمل_بالفعل', 'حقق', 'نفذ', 'أحْدث', 'أدى', 'أنْشأ', 'أنْتج', 'دخل_حيز_التنفيذ', 'سبّب', 'أحدث']",فعل بذيء يعني ممارسة الجنس، يستخدم في سياق مهين,استخدم الكلمة في سياق إهانة للطعن في الشرف.
AR1658,n,cds,no,وثنية,['omw-arb-05945227-n'],[no_synset_lemma],تهمة دينية تصف معتقدات أو أفعال بأنها كفر وعبادة للأصنام,وصف احتفالاتهم بأنها طقوس وثنية جاهلية.
AR162,n,ddp,yes,وحش,['omw-arb-00015388-n'],[no_synset_lemma],شخص قبيح المنظر أو شديد القسوة والوحشية,زوجها وحش يضربها كل يوم لأتفه الأسباب.
AR1111,n,cds,no,وسخ,"['omw-arb-01534147-v', 'omw-arb-00276214-v']","['وسخ', 'تلوث', 'شوه_السمعة', 'دنس', 'اتسخ', 'أنْجس', 'لوّث', 'لطخ', 'وَسَّخَ', 'لوث']",شخص قذر في جسده أو في أخلاقه,إنه رجل وسخ، لا تتعامل معه أبداً.
AR766,n,an,no,وعل,[no_synset],[no_synset_lemma],شتيمة للرجل تصفه بالعناد الشديد والغباء,إنه عنيد كالوعل في الجبل، لا يغير رأيه.
AR637,a,an,no,وغد,[no_synset],[no_synset_lemma],شخص دنيء، لئيم، ومنحط الأخلاق,ابتعد عني أيها الوغد، لا أريد أن أرى وجهك.
AR596,n,cds,no,وقاحة,['omw-arb-01224031-n'],[no_synset_lemma],قلة الحياء والجرأة على فعل القبيح وقوله,لم أر في حياتي مثل هذه الوقاحة في الكلام.
AR484,v,cds,no,يخطىء,[no_synset],[no_synset_lemma],وصف شخص بأنه دائم الخطأ أو أنه مرتكب للذنب,أنت دائماً تخطئ في حقي ولا تعتذر.
AR2427,v,re,no,يغش,[no_synset],[no_synset_lemma],فعل الخداع في معاملة أو امتحان,هو دائماً يغش للحصول على ما لا يستحقه.
AR2,v,an,no,ينبح,[no_synset],[no_synset_lemma],وصف كلام شخص غاضب أو تافه بأنه كصياح الكلب,دعه ينبح كما يشاء، فلن يؤثر كلامه فينا.
AR1596,n,ps,yes,يهودي,['omw-arb-09681351-n'],[no_synset_lemma],شتيمة عنصرية تربط الشخص بالبخل أو الغدر أو صفات نمطية معادية للسامية,"وصفه بأنه ""يهودي"" لأنه يطالب بدينه."