ID,Lemma,POS,Synset_ID,Synset_Lemma,Definition,Definition' source,Example,Example' source,Original HurtLex Category,Stereotype,synset_category,synonyms_en,definition_en,definition_category,ERIS_score,aikia_offensive_score
FR282,abruti,NOUN,Synset('omw-iwn-10197525-n'),"[abruti, attardé, bêta, con, connard, crétin, idiot, imbécile, tête_de_nœud]",une personne dont l'intelligence est inférieure à la normale,own,Quel abruti ! Il a encore oublié de fermer la porte à clé.,gen_AI,,,,,,,,
FR282,abruti,NOUN,Synset('omw-iwn-10358794-n'),"['abruti', 'benêt', 'cloche', 'con', 'connard', 'cornichon', 'crétin', 'dadais', 'demeuré', 'débile', 'gourde', 'imbécile', 'mal_cuit', 'niais', 'nigaud', 'poupe', 'ravi', 'simplet', 'sot']",une personne stupide et idiote,own,"Espèce d'abruti, tu ne comprends jamais rien même quand on te l’explique dix fois !








",gen_AI,,,,,,,,
FR3770,absurde,ADJ,Synset('omw-iwn-02570282-a'),"['absurde', 'imbécile', 'insensé', 'stupide']","Contraire à la raison, au bon sens, à la logique.",lr,"Pour ma part, je voudrais simplement dire qu'il est absurde de demander le maintien de l'expression «un costume ou caleçon de bain approprié à chaque sexe»",se,,,,,,,,
FR40,abus,NOUN,Synset('omw-iwn-00419908-n'),"['abus', 'maltraitance']","Mauvais usage d'un droit, d'une prérogative, d'un privilège.",lr,"Son autorité devient insupportable, c’est un véritable abus de pouvoir.",gen_AI,,,,,,,,
FR40,abus,NOUN,Synset('omw-iwn-00947719-n'),"['abus', 'fraude']",l'utilisation inappropriée ou excessive,own,L’abus d’écran chez les enfants est une forme de négligence parentale.,gen_AI,,,,,,,,
FR40,abus,NOUN,Synset('omw-iwn-06715223-n'),"['abus', 'affront', 'insulter', 'violation']",une expression grossière destinée à offenser ou à blesser,own,"Il n’a répondu qu’avec des abus, incapable d’argumenter calmement.",gen_AI,,,,,,,,
FR2545,acharnement,NOUN,Synset('omw-iwn-05037813-n'),"['acharnement', 'furie', 'férocité', 'violence']",La propriété d'être sauvage ou turbulent,own,L’acharnement de la foule contre le manifestant était d’une brutalité inexcusable.,gen_AI,,,,,,,,
FR2545,acharnement,NOUN,Synset('omw-iwn-07548100-n'),"['acharnement', 'animosité']",un sentiment de mauvaise volonté suscitant une hostilité active,own,Son acharnement contre ce collègue frôle l’obsession malveillante.,se,,,,,,,,
FR3531,adolescent,ADJ,Synset('omw-iwn-02602261-a'),['adolescent'],"Relatif à, propre à ou évoquant un adolescent",own,Son attitude adolescent trahit un manque de maturité flagrant.,gen_AI,,,,,,,,
FR3580,agresser,VERB,Synset('omw-iwn-00019792-v'),"['agresser', 'attaque', 'attaquer', 'prendre']",Commettre une agression sur.,lr,La jeune fille avait été La jeune fille avait été agressée en août 2016 par un homme et son complice.,se,,,,,,,,
FR3587,agresseur,NOUN,Synset('omw-iwn-09821253-n'),"['agresseur', 'assaillant', 'attaquant', 'attaqueur']","Personne, groupe qui attaque le premier.",lr,L' agresseur aurait pris la fuite juste après avoir sévis.,se,,,,,,,,
FR3574,agression,NOUN,Synset('omw-iwn-00767826-n'),"['agression', 'attaque', 'attentat']",une menace ou une tentative d’agression physique par quelqu’un qui semble capable de causer des lésions corporelles s’il n’est pas arrêté,own,Sa façon de lui hurler dessus en s’approchant brutalement relevait presque de l’agression.,gen_AI,,,,,,,,
FR3574,agression,NOUN,Synset('omw-iwn-00964569-n'),"['agression', 'hostilité']","action violente, hostile et généralement non provoquée",own,Ce commentaire déplacé est une agression gratuite envers quelqu’un qui n’a rien dit.,gen_AI,,,,,,,,
FR3574,agression,NOUN,Synset('omw-iwn-01221611-n'),['agression'],comportement délibérément inamical,own,"Son ton froid et méprisant à chaque réunion, c’est de l’agression passive.",gen_AI,,,,,,,,
FR3574,agression,NOUN,Synset('omw-iwn-01237167-n'),['agression'],l'acte d'ouverture des hostilités,own,L’annonce de cette réforme impopulaire a été perçue comme une agression contre les travailleurs.,gen_AI,,,,,,,,
FR3574,agression,NOUN,Synset('omw-iwn-04658268-n'),['agression'],une disposition à se comporter de manière agressive,own,Il est invivable : son agression permanente crée une tension insupportable dans l’équipe.,gen_AI,,,,,,,,
FR3574,agression,NOUN,Synset('omw-iwn-07548567-n'),"['agression', 'agressivité']",un sentiment d'hostilité qui suscite des pensées d'attaque,own,On sent chez elle une agression sourde dès qu’on ose la contredire.,gen_AI,,,,,,,,
FR212,animal,NOUN,[no_synset],[no_synset_lemma],"Personne stupide, brutale.",lr,"l se comporte comme un animal, sans aucune retenue ni respect.",gen_AI,,,,,,,,
FR3152,assassin,NOUN,Synset('omw-iwn-09813696-n'),"['assassin', 'meurtrier']",Personne qui commet un meurtre avec préméditation ou guet-apens.,lr,"Avec ses décisions froides et sans remords, c’est un assassin de la vérité.
",gen_AI,,,,,,,,
FR3138,assassinat,NOUN,Synset('omw-iwn-00220522-n'),"['assassinat', 'exécution', 'meurtre']",le meurtre d'un être humain par un autre être humain,own,Ce qu’il a fait à ce journaliste est un véritable assassinat déguisé.,gen_AI,,,,,,,,
FR3138,assassinat,NOUN,Synset('omw-iwn-00220522-n'),"['assassinat', 'exécution', 'meurtre']",Action de tuer volontairement un être humain.,lr,Son discours était un véritable assassinat de la langue française.,gen_AI,,,,,,,,
FR3138,assassinat,NOUN,Synset('omw-iwn-06719974-n'),['assassinat'],une attaque visant à ruiner la réputation de quelqu'un,own,L’assassinat froid et prémédité de ce témoin révèle la cruauté du régime.,gen_AI,,,,,,,,
FR238,attentat,NOUN,Synset('omw-iwn-00767826-n'),"['agression', 'attaque', 'attentat']",une menace ou une tentative d'agression physique par une personne qui semble en mesure de causer des dommages corporels si elle n'est pas arrêtée,own,"Ce qu’il a fait en pleine rue, c’était un attentat contre la sécurité publique.",gen_AI,,,,,,,,
FR238,attentat,NOUN,Synset('omw-iwn-00773814-n'),"['attaque', 'attentat']",l'action d'attaquer,own,Cette réforme est un attentat contre les droits fondamentaux des citoyens.,gen_AI,,,,,,,,
FR238,attentat,NOUN,Synset('omw-iwn-00979742-n'),"['attentat', 'bombardement']",l'utilisation de bombes à des fins de sabotage ; une tactique fréquemment utilisée par les terroristes,own,L’attentat a été revendiqué par un groupe extrémiste opposé au gouvernement.,gen_AI,,,,,,,,
FR238,attentat,NOUN,Synset('omw-iwn-01220619-n'),"['attaque', 'attentat']",critique sévère,own,Son discours est un attentat en règle contre l’intelligence humaine.,gen_AI,,,,,,,,
FR3487,aveugle,ADJ,Synset('omw-iwn-02158826-a'),['aveugle'],"Dont le jugement est incapable de rien discerner. Qui ne permet ni réflexion, ni jugement. (sens figuré) ",lr,Bon bah bien vu l'aveugle !,se,,,,,,,,
FR1301,baise,NOUN,Synset('omw-iwn-00846021-n'),"['baisage', 'baise', 'baiser', 'foutre', 'merde', 'putain', 'vis']",argot pour les rapports sexuels,own,"« ah, rien, je baise des meufs à la Baule ! »",se,,,,,,,,
FR2257,baiser,VERB,Synset('omw-iwn-01426397-v'),"['aimer', 'avoir', 'avoir_des_relations_sexuelles', 'baiser', 'bien', 'connaître', 'enconner', 'enculer', ""faire_l'amour"", 'fourrer', 'foutre', 'niquer', 'savoir']",avoir des rapports sexuels avec,own,"Il se vante d’avoir baisé la moitié de la ville, comme si c’était une médaille.",gen_AI,,,,,,,,
FR2257,baiser,VERB,[no_synset],[no_synset_lemma],"Duper, attraper.",lr,"Je me suis fait baiser par ce contrat, j’aurais dû lire les petites lignes.",gen_AI,,,,,,,,
FR423,bâtard,NOUN,Synset('omw-iwn-02804772-n'),['bâtard'],terme dérogatoire pour une variation qui n’est pas authentique; quelque chose d’irrégulier ou inférieur ou d’origine douteuse,own,"Ce vin est un bâtard, il n’a rien d’un grand cru malgré l’étiquette.",gen_AI,,,,,,,,
FR423,bâtard,NOUN,Synset('omw-iwn-09815188-n'),"['bâtard', 'connard', 'enculé', 'fils_de_putain', 'fils_de_pute', 'gland', 'putain', 'saloperie', 'tête_de_vier']","des termes insultants pour désigner des personnes stupides, irritantes ou ridicules",own,"J'aurais bien été tenté de traiter ces gens là de ""bâtards de fils de putes"" mais j'peux pas, chuis trop poli pour dire des grossièretés !",se,,,,,,,,
FR423,bâtard,NOUN,Synset('omw-iwn-10410815-n'),"['barbare', 'brute', 'bâtard', 'mufle', 'pignouf', 'rustre']","personne grossière, grossière, mal élevée, manquant de culture ou de raffinement",own,"C’est un vrai bâtard, incapable de se comporter correctement en société.",gen_AI,,,,,,,,
FR279,bêta,NOUN,Synset('omw-iwn-10197525-n'),"['abruti', 'attardé', 'bêta', 'con', 'concombre', 'connard', 'crétin', 'idiot', 'imbécile', 'retard', 'tête_de_nœud']",une personne d’intelligence subnormale,own,"Arrête de faire ton bêta, tu comprends toujours tout de travers.
",gen_AI,,,,,,,,
FR628,bêta,ADJ,Synset('omw-iwn-00439588-a'),"['bêta', 'idiot', 'stupide']",Dénué d'intelligence.,lr,"C’est une idée bêta, on voit tout de suite que ça ne peut pas marcher.",gen_AI,,,,,,,,
FR217,bête,NOUN,Synset('omw-iwn-09845589-n'),"['brute', 'bête', 'loup']",une personne cruellement rapace,own,"Ce type est une bête, prêt à écraser n’importe qui pour arriver à ses fins.",gen_AI,,,,,,,,
FR217,bête,NOUN,[no_synset],[no_synset_lemma],Personne inintelligente,lr,"Faire la bête, jouer l'ignorant.",lr,,,,,,,,
FR257,bêtise,NOUN,Synset('omw-iwn-05645597-n'),"['bêtise', 'stupidité']",Manque d'intelligence et de jugement.,lr,Il est d'une rare bêtise.,lr,,,,,,,,
FR257,bêtise,NOUN,Synset('omw-iwn-06608143-n'),"['baragouin', 'bêtise']",Action ou parole sotte ou maladroite.,lr,"Il accumule les bêtises, on dirait qu’il le fait exprès pour passer pour un idiot.",gen_AI,,,,,,,,
FR1205,bite,NOUN,Synset('omw-iwn-05526384-n'),"['Phallus', 'Pénis', 'bite', 'membre', 'phallus', 'pénis', 'verge']",l’organe mâle de la copulation,own,"Décidemment, la	bite	des blacks fait l'objet de toutes les sollicitations en ce moment ... ",se,,,,,,,,
FR3067,black,NOUN,[no_synset],[no_synset_lemma],Personne noire.,lr,"Décidemment, la	bite	des blacks fait l'objet de toutes les sollicitations en ce moment ... ",se,,,,,,,,
FR2222,bon à rien,NOUN,[no_synset],[no_synset_lemma],Personne qui ne veut/peut rien faire.,lr,"Et puis, t'as l'air un peu	bonne à rien	dans la nature, donc je suis sûr que t'auras besoin de moi.",se,,,,,,,,
FR364,bordel,NOUN,Synset('omw-iwn-13977366-n'),"['bordel', 'brouhaha', 'chahut', 'dérangement', 'perturbation', 'tapage', 'tumulte']",Grand désordre.,lr,"Tu as vu ta chambre ? C’est un vrai bordel, on dirait qu’une tornade est passée.",gen_AI,,,,,,,,
FR364,bordel,NOUN,Synset('omw-iwn-04581595-n'),"['Lupanar', 'bordel', 'claque', 'lupanar', 'maison_close', 'maison_de_tolérance', 'privé']",un bâtiment où l'on peut trouver des prostituées,own,"je ne me presente pas, etant tenancier du	bordel	cabaret du village, ca ne se fait pas à la campagne!",se,,,,,,,,
FR2481,borné,ADJ,[no_synset],[no_synset_lemma],Qui fait preuve d'intolérance.,lr,Votre posture de petit instituteur	borné	à l'esprit de courtaud de boutique est vraiment pitoyable.,se,,,,,,,,
FR3254,bouffer,VERB,Synset('omw-iwn-01170824-v'),"['bouffer', 'lamper', 'siffler_du_vin']",Avaler gloutonnement. Au figuré : Dépenser rapidement.,lr,j'y voyais plus rien j'ai faillit	bouffer	le trottoir !!,se,,,,,,,,
FR2035,bouffon,NOUN,Synset('omw-iwn-09931165-n'),"['arlequin', 'baladin', 'bouffon', 'clown']",Un idiot grossier ou vulgaire,own,Je suis vraiment dégoûté par ces	bouffons	de l'Élysée qui ne représentent qu'eux-même...,se,,,,,,,,
FR1651,boule,NOUN,[no_synset],[no_synset_lemma],Testicules.,lr,"Il n’a pas les boules de dire la vérité en face, comme toujours.",gen_AI,,,,,,,,
FR1651,boule,NOUN,[no_synset],[no_synset_lemma],Tête.,lr,Coup de boule.,lr,,,,,,,,
FR1651,boule,NOUN,[no_synset],[no_synset_lemma],"être en colère, énervé ou anxieux.",lr,Ça me fout les boules !,lr,,,,,,,,
FR3787,boulot,NOUN,[no_synset],[no_synset_lemma],Travail.,lr,Je suis coincé dans ce boulot de merde qui ne mène nulle part.,gen_AI,,,,,,,,
FR2741,cabinet,NOUN,Synset('omw-iwn-04446276-n'),"['cabinet', 'petit_coin', 'salle_de_bains', 'toilette', 'toilettes']",une pièce ou un bâtiment équipé d’une ou de plusieurs toilettes,own,"Ce restaurant est déjà douteux, et leurs cabinets sont carrément dégoûtants.",gen_AI,,,,,,,,
FR745,chantage,NOUN,Synset('omw-iwn-00784598-n'),['chantage'],Action d'extorquer à qqn de l'argent ou un avantage sous la menace d'une révélation compromettante.,lr,"Il ne propose jamais rien honnêtement, c’est toujours du chantage déguisé pour obtenir ce qu’il veut.",gen_AI,,,,,,,,
FR597,chaos,NOUN,Synset('omw-iwn-00554107-n'),"['bagarre', 'chaos', 'clairière', 'havoc']",perturbation violente et inutile,own,"Après son discours, ce fut le chaos total dans la salle, entre cris et insultes.",gen_AI,,,,,,,,
FR597,chaos,NOUN,Synset('omw-iwn-14500047-n'),"['chaos', 'confusion']",un état de confusion et de désordre,own,"Son bureau est un chaos permanent, impossible d’y retrouver quoi que ce soit.",gen_AI,,,,,,,,
FR624,chasseur,NOUN,Synset('omw-iwn-10193719-n'),['chasseur'],une personne qui cherche quelque chose,own,"Ce type, c’est juste un chasseur d’opportunités, prêt à tout pour grimper socialement.",gen_AI,,,,,,,,
FR1546,chatte,NOUN,Synset('omw-iwn-05521514-n',"['chatte', 'con', 'connard', 'minou']",Parties sexuelles de la femme.,lr,"Il ne pense qu’à la chatte, incapable d’avoir une conversation sérieuse.",gen_AI,,,,,,,,
FR3709,chaud,ADJ,Synset('omw-iwn-01256332-a'),"['ardent', 'brûlant', 'chaud']","des significations étendues; surtout de chaleur psychologique; marquée par l’intensité ou la véhémence, en particulier de passion ou d’enthousiasme",own,"Il a encore lancé un débat chaud juste pour foutre la pagaille.
",gen_AI,,,,,,,,
FR3709,chaud,ADJ,[no_synset],[no_synset_lemma],au sens de sensuel,lr,Un chaud lapin.,lr,,,,,,,,
FR477,chien,NOUN,Synset('omw-iwn-09886220-n'),"['achille', 'chien', 'quignon', 'talon']",quelqu’un qui est moralement répréhensible,own,"Ce type est un vrai chien, il trahit tous ceux qui lui font confiance.",gen_AI,,,,,,,,
FR1091,chienne,NOUN,[no_synset],[no_synset_lemma],Femme détestable ; spécialement femme lubrique.,lr,Il l’a traitée de chienne parce qu’elle ne faisait que manipuler les gens pour arriver à ses fins.,gen_AI,,,,,,,,
FR1146,cirque,NOUN,[no_synset],[no_synset_lemma],Activité désordonnée.,lr,Qu'est-ce que c'est que ce cirque ?,lr,,,,,,,,
FR374,claque,NOUN,[no_synset],[no_synset_lemma],Coup donné avec le plat de la main.,lr,Une claque sur la joue.,lr,,,,,,,,
FR374,claque,NOUN,[no_synset],[no_synset_lemma],"Surprise, choc. ",lr,"Quelle claque, ce film !",lr,,,,,,,,
FR374,claque,NOUN,[no_synset],[no_synset_lemma],"subir un affront, un échec cuisant.",lr,J’ai pris une sacrée claque.,lr,,,,,,,,
FR1021,clique,NOUN,[no_synset],[no_synset_lemma],Groupe de personnes peu estimables.,lr,Cette clique de profiteurs ne pense qu’à se remplir les poches aux dépens des autres.,gen_AI,,,,,,,,
FR963,clochard,NOUN,Synset('omw-iwn-10723300-n'),"['clochard', 'clodo', 'hobo', 'saisonnier', 'sans-abri', 'vagabond']","Personne socialement inadaptée, qui vit sans travail ni domicile, dans les grandes villes.",lr,"Arrête de traîner comme un clochard, tu donnes l’impression d’avoir tout abandonné.",gen_AI,,,,,,,,
FR2450,clown,NOUN,Synset('omw-iwn-09931165-n'),"['arlequin', 'baladin', 'bouffon', 'clown']",Un idiot grossier ou vulgaire,own,"Avec ses remarques stupides et son comportement déplacé, il passe pour un vrai clown.",gen_AI,,,,,,,,
FR2691,colère,NOUN,Synset('omw-iwn-00758972-n'),"['col', 'colère', 'fureur', 'ira', 'ire']",la belligérance suscitée par un réel ou supposé mal (personnifié comme l’un des péchés capitaux),own,Il est contrôlé par sa colère comme un démon incapable de raison.,gen_AI,,,,,,,,
FR2691,colère,NOUN,Synset('omw-iwn-07516354-n'),"['colère', 'ire']",une forte émotion ; un sentiment orienté vers un grief réel ou supposé,own,Sa colère ridicule pour un simple retard montre à quel point il est instable.,gen_AI,,,,,,,,
FR3959,complotisme,NOUN,[no_synset],[no_synset_lemma],Idéologie des complotistes.,lr,"Son complotisme l’éloigne de toute réalité, il voit des manipulations partout.",gen_AI,,,,,,,,
FR266,con,NOUN,Synset('omw-iwn-10197525-n'),"['abruti', 'attardé', 'bêta', 'con', 'concombre', 'connard', 'crétin', 'idiot', 'imbécile', 'retard', 'tête_de_nœud']",une personne d’intelligence subnormale,own,"Ce con ne comprend jamais rien, même quand on lui explique dix fois.",gen_AI,,,,,,,,
FR266,con,NOUN,Synset('omw-iwn-09982873-n'),"['chipie', 'con', 'connard', 'garce']",une personne (généralement mais pas nécessairement une femme) qui n'est pas du tout appréciée,own,"Cette conne fait toujours tout pour attirer l’attention, c’en est insupportable.",gen_AI,,,,,,,,
FR266,con,NOUN,Synset('omw-iwn-10358794-n'),"['abruti', 'benêt', 'cloche', 'con', 'connard', 'cornichon', 'crétin', 'dadais', 'demeuré', 'débile', 'gourde', 'imbécile', 'mal_cuit', 'niais', 'nigaud', 'poupe', 'ravi', 'simplet', 'sot']",une personne stupide et idiote,own,T’as vraiment été con de croire à cette arnaque aussi évidente.,gen_AI,,,,,,,,
FR265,connard,NOUN,Synset('omw-iwn-09815188-n'),"['bâtard', 'connard', 'enculé', 'fils_de_putain', 'fils_de_pute', 'gland', 'putain', 'saloperie', 'tête_de_vier']","insultes à l’adresse pour les gens qui sont stupides, irritants ou ridicules",own,"Ce connard se croit drôle, mais il ne fait que déranger tout le monde.",gen_AI,,,,,,,,
FR265,connard,NOUN,Synset('omw-iwn-10197525-n'),"['abruti', 'attardé', 'bêta', 'con', 'concombre', 'connard', 'crétin', 'idiot', 'imbécile', 'retard', 'tête_de_nœud']",une personne d’intelligence subnormale,own,T’es vraiment un connard à ne pas avoir vu que c’était un piège évident.,gen_AI,,,,,,,,
FR265,connard,NOUN,Synset('omw-iwn-09982873-n'),"['chipie', 'con', 'connard', 'garce']",une personne (généralement mais pas nécessairement une femme) qui n'est pas du tout appréciée,own,T’es vraiment un connard à ne pas avoir vu que c’était un piège évident.,gen_AI,,,,,,,,
FR265,connard,NOUN,Synset('omw-iwn-10358794-n'),"['abruti', 'benêt', 'cloche', 'con', 'connard', 'cornichon', 'crétin', 'dadais', 'demeuré', 'débile', 'gourde', 'imbécile', 'mal_cuit', 'niais', 'nigaud', 'poupe', 'ravi', 'simplet', 'sot']",une personne stupide et idiote,own,"Il agit encore comme un connard, incapable de réfléchir avant de parler.",gen_AI,,,,,,,,
FR1475,conne,NOUN,Synset('omw-iwn-10717196-n'),"['branleur', 'con', 'conard', 'conarde', 'conasse', 'connard', 'connarde', 'connasse', 'conne', 'enculé']","Imbécile, idiot.",lr,C'est une conne.,lr,,,,,,,,
FR1566,connerie,NOUN,[no_synset],[no_synset_lemma],"Imbécillité, absurdité.",lr,"Arrête de dire des conneries, tu rends la situation encore plus ridicule.",gen_AI,,,,,,,,
FR2259,coucher,VERB,[no_synset],[no_synset_lemma],"Coucher avec qqn, partager son lit ; avoir des relations sexuelles avec lui, elle",lr,"Elle a couché avec le patron juste pour obtenir une promotion, c’est pathétique.",gen_AI,,,,,,,,
FR396,couille,NOUN,Synset('omw-iwn-05524615-n'),"['Testicule', 'couille', 'fou', 'gosse', 'testicule', 'testicules', 'œuf']",Testicules.,lr,"Il n’a pas de couilles, toujours à fuir quand il faut affronter les choses.",gen_AI,,,,,,,,
FR396,couille,NOUN,[no_synset],[no_synset_lemma],"une erreur, un ennui.",lr,"On a encore une couille dans le système, tout est bloqué.",gen_AI,,,,,,,,
FR3287,crever,VERB,Synset('omw-iwn-00358431-v'),"['casser_sa_pipe', 'cogner', 'crever', ""passer_l'arme_à_gauche""]",passer de la vie physique et perdre tous les attributs corporels et les fonctions nécessaires pour soutenir la vie,own,"Qu’il crève, ce salaud, après tout le mal qu’il a fait.
",gen_AI,,,,,,,,
FR3287,crever,VERB,[no_synset],[no_synset_lemma],"Exténuer (un animal, une personne) par un effort excessif.",lr,"Ils nous font crever au boulot pour trois fois rien, c’est de l’abus pur et simple.",gen_AI,,,,,,,,
FR1667,crime,NOUN,Synset('omw-iwn-00767477-n'),"['crime', 'criminel', 'délit']",un acte malveillant qui n’est pas nécessairement punissable par la loi,own,"Ce qu’ils ont fait à ce vieil homme est un crime contre l’humanité, même si la justice ne les poursuit pas.",gen_AI,,,,,,,,
FR1667,crime,NOUN,[no_synset],[no_synset_lemma],Action blâmable.,lr,"Faire chanter un enfant pour un jeu stupide, c’est presque un crime de conscience.",gen_AI,,,,,,,,
FR670,criminel,NOUN,Synset('omw-iwn-00767477-n'),"['crime', 'criminel', 'délit']",un acte malveillant qui n’est pas nécessairement punissable par la loi,own,Ce politicien est un criminel moral : il détruit des vies sans jamais rendre de comptes.,gen_AI,,,,,,,,
FR670,criminel,NOUN,[no_synset],[no_synset_lemma],Très regrettable.,lr,C’est criminel de gaspiller autant de ressources pour un projet aussi inutile.,gen_AI,,,,,,,,
FR320,cul,NOUN,Synset('omw-iwn-00747215-n'),"['cul', 'porno', 'pornographie', 'érotisme']","activité créative (écriture, images, films, etc.) n’ayant aucune valeur littéraire ou artistique si ce n’est pour stimuler le désir sexuel",own,"Ce film n’est qu’un ramassis de scènes de cul, sans aucun scénario.",gen_AI,,,,,,,,
FR320,cul,NOUN,Synset('omw-iwn-05538215-n'),"['anus', 'con', 'connard', 'cul', 'derrière', 'enculé', 'trou_du_cul']",argot vulgaire pour désigner l'anus,lr,Ferme ton cul au lieu de raconter des conneries à longueur de journée.,gen_AI,,,,,,,,
FR320,cul,NOUN,Synset('omw-iwn-05559256-n'),"['cul', 'derrière', 'fesses', 'postérieur']",la partie charnue du corps humain sur laquelle on s'assoit,lr,ça fais mal au	cul,se,,,,,,,,
FR513,débile,NOUN,Synset('omw-iwn-10358794-n'),"['abruti', 'benêt', 'cloche', 'con', 'connard', 'cornichon', 'crétin', 'dadais', 'demeuré', 'débile', 'gourde', 'imbécile', 'mal_cuit', 'niais', 'nigaud', 'poupe', 'ravi', 'simplet', 'sot']",Personne sans intelligence.,lr,"C'est assez chaud, il y a de l'humour débile",se,,,,,,,,
FR1412,déchets,NOUN,[no_synset],[no_synset_lemma],"Personne déchue, méprisable.",lr,"Ce gang est composé de déchets de la société, sans foi ni loi.",gen_AI,,,,,,,,
FR2802,délinquants,NOUN,[no_synset],[no_synset_lemma],Personne qui commet un délit.,lr,"Ces délinquants ne respectent rien ni personne, même pas la moindre règle de vivre ensemble.",gen_AI,,,,,,,,
FR1673,délit,NOUN,Synset('omw-iwn-00767477-n'),"['crime', 'criminel', 'délit']",un acte malveillant qui n’est pas nécessairement punissable par la loi,own,"Mentir ainsi en public, c’est peut-être pas illégal, mais c’est un vrai délit moral.",gen_AI,,,,,,,,
FR519,demeuré,NOUN,Synset('omw-iwn-10358794-n'),"['abruti', 'benêt', 'cloche', 'con', 'connard', 'cornichon', 'crétin', 'dadais', 'demeuré', 'débile', 'gourde', 'imbécile', 'mal_cuit', 'niais', 'nigaud', 'poupe', 'ravi', 'simplet', 'sot']",une personne stupide et stupide,own,Ce demeuré est incapable de suivre une conversation sans dire une absurdité.,gen_AI,,,,,,,,
FR1756,derrière,NOUN,[no_synset],[no_synset_lemma],Fesses.,lr,Il passe sa journée affalé sur son derrière à ne rien foutre.,gen_AI,,,,,,,,
FR1218,diable,NOUN,[no_synset],[no_synset_lemma],"Envoyer qqn au diable, le renvoyer, le rabrouer avec colère ou impatience.",lr,Allez au diable !,lr,,,,,,,,
FR226,diffamation,NOUN,Synset('omw-iwn-01220336-n'),"['calomnie', 'diffamation', 'dénigrement']",une atteinte abusive à la personnalité ou à la réputation,own,"Accuser sans preuve, c’est de la pure diffamation destinée à salir une réputation.",gen_AI,,,,,,,,
FR3700,difficile,ADJ,Synset('omw-iwn-02448437-a'),['difficile'],pas donné à la douceur ou de la sentimentalité,own,Il est tellement difficile qu’il est incapable de montrer le moindre signe d’empathie.,gen_AI,,,,,,,,
FR1223,difficulté,NOUN,Synset('omw-iwn-07289014-n'),"['difficulté', 'problème']",un événement causant de la détresse ou de la douleur,own,Il transforme chaque petit contretemps en grande difficulté comme s’il cherchait à se faire plaindre.,gen_AI,,,,,,,,
FR1327,drôle,NOUN,[no_synset],[no_synset_lemma],"Personne qui a conservé dans l'âge adulte des sentiments, des traits propres à l'enfance.",lr,"Ce drôle ne sait toujours pas se comporter comme un adulte, même à son âge.",gen_AI,,,,,,,,
FR1222,emmerde,NOUN,Synset('omw-iwn-05687338-n'),"['difficulté', 'emmerde', 'problème']",une source de difficultés,own,"Vas-y dégage, je t'emmerde !",se,,,,,,,,
FR284,enculé,NOUN,Synset('omw-iwn-09815188-n'),"['bâtard', 'connard', 'enculé', 'fils_de_putain', 'fils_de_pute', 'gland', 'putain', 'saloperie', 'tête_de_vier']","insultes à l’adresse pour les gens qui sont stupides, irritants ou ridicules",own,Ce sale enculé m’a volé mon idée et s’en vante comme si c’était la sienne.,gen_AI,,,,,,,,
FR284,enculé,NOUN,Synset('omw-iwn-10039663-n'),"['bonehead', 'buche', 'bûche', 'bœuf', 'cancre', 'enculé', 'enfoiré', 'imbécile', 'nullard']",une personne stupide ; ces mots sont utilisés pour exprimer une mauvaise opinion de l'intelligence de quelqu'un,own,L’enculé a encore planté le système en bidouillant sans savoir ce qu’il faisait.,gen_AI,,,,,,,,
FR284,enculé,NOUN,[no_synset],[no_synset_lemma],Personne qui se fait sodomiser.,lr,"Ils l'ont traité d’enculé pour l’humilier, sans aucun respect ni retenue.",gen_AI,,,,,,,,
FR2253,enculer,VERB,Synset('omw-iwn-01426397-v'),"['aimer', 'avoir', 'avoir_des_relations_sexuelles', 'baiser', 'bien', 'connaître', 'enconner', 'enculer', ""faire_l'amour"", 'fourrer', 'foutre', 'niquer', 'savoir']","Avoir des relations sexuelles, s'accoupler.",lr,Que le royaume de France enfin tombe en quenouille Qu'on coure aller s'faire enculer ?,gen_AI,,,,,,,,
FR3483,enfant,NOUN,Synset('omw-iwn-09918554-n'),"['bébé', 'enfant', 'môme', 'petit']",une personne enfantine immature,own,"Arrête de réagir comme un enfant, on parle de choses sérieuses ici.",gen_AI,,,,,,,,
FR2680,envier,VERB,Synset('omw-iwn-01827064-v'),"['envie', 'envier']",être jaloux de; mettre son cœur sur,own,Il passe son temps à envier les autres au lieu de se bouger pour réussir par lui-même.,gen_AI,,,,,,,,
FR1923,face,NOUN,Synset('omw-iwn-06877578-n'),"['face', 'grimace', 'visage']",une expression faciale tordue,own,"Arrête de faire cette face, on dirait que tu viens de sucer un citron moisi.",gen_AI,,,,,,,,
FR3392,fâché,ADJ,[no_synset],[no_synset_lemma],Être fâché contre qqn.,lr,Elle est fâchée avec l'orthographe.,lr,,,,,,,,
FR1985,facho,NOUN,[no_synset],[no_synset_lemma],Fasciste.,lr,"Salut le facho , je t'ai entendu dire à ton OS [officier de sécurité, ndlr] que tu allais me faire ""sauter""",se,,,,,,,,
FR1067,faible,NOUN,Synset('omw-iwn-05040275-n'),"['faible', 'faiblesse']",la propriété de ne pas avoir de force physique ou mentale; responsabilité à l’échec sous pression ou contrainte,own,Ce faible n’a jamais su prendre une décision sans trembler ou demander l’avis des autres.,gen_AI,,,,,,,,
FR1384,faiblesse,NOUN,Synset('omw-iwn-04860065-n'),"['délit_de_lâcheté', 'faiblesse', 'lâcheté']",le fait de manquer de courage,own,Sa faiblesse face à l’autorité montre qu’il n’a aucune colonne vertébrale.,gen_AI,,,,,,,,
FR2125,fascisme,NOUN,Synset('omw-iwn-06217944-n'),['fascisme'],Théorie politique prônant un gouvernement autoritaire et hiérarchique (par opposition à la démocratie ou au libéralisme).,own,"Imposer le silence à toute opposition, c’est du fascisme maquillé en ordre public.",gen_AI,,,,,,,,
FR3618,fasciste,ADJ,Synset('omw-iwn-02920769-a'),"['fascisant', 'fasciste']",se rapportant au fascisme ou le caractérisant,own,Son discours fasciste révèle une volonté de contrôler et d’écraser toute liberté.,gen_AI,,,,,,,,
FR1986,fasciste,NOUN,Synset('omw-iwn-10079893-n'),['fasciste'],un adepte du fascisme ou d'autres opinions autoritaires de droite,own,Ce fasciste ne tolère aucune critique et veut imposer ses idées par la force.,gen_AI,,,,,,,,
FR3440,fatigué,ADJ,Synset('omw-iwn-02431728-a'),['fatigué'],sans force ni énergie,own,Il est tellement fatigué qu’il ne peut même plus faire son travail correctement.,gen_AI,,,,,,,,
FR2048,faute,NOUN,Synset('omw-iwn-06713752-n'),"['faute', 'rap', 'responsabilité']",le reproche d'un manquement ou d'une faute,own,"C’est toujours de ta faute si ça foire, tu ne prends jamais tes responsabilités.",gen_AI,,,,,,,,
FR2031,faux,ADJ,[no_synset],[no_synset_lemma],Personne qui fait preuve d'hypocrisie.,lr,Il est tellement faux qu’on ne sait jamais quand il dit la vérité ou quand il ment.,gen_AI,,,,,,,,
FR1728,faux,NOUN,Synset('omw-iwn-10195593-n'),"['charlatan', 'faux', 'hypocrite', 'mystificateur', 'trompeur']",une personne qui professe des croyances et des opinions qu’elle n’a pas afin de dissimuler ses sentiments ou motifs réels,own,"Ce faux prétend défendre les pauvres, mais en réalité il cherche juste à se faire bien voir.",gen_AI,,,,,,,,
FR1776,fesses,NOUN,Synset('omw-iwn-05559256-n'),"['cul', 'derrière', 'fesses', 'postérieur']",la partie charnue du corps humain sur laquelle vous vous asseyez,own,On peut rajouter aussi à cela les 12 divisions alliées immobilisées en siciles qui coutent en plus la peau des        fesses        en convois pour être ravitaillées.,se,,,,,,,,
FR540,fille,NOUN,Synset('omw-iwn-09989045-n'),"['fille', 'gonzesse', 'jeune_fille', 'jupe', 'minette', 'nana', 'oiseau', 'poupée', 'poussin']",des termes informels pour une (jeune) femme,own,"Cette fille ne pense qu’à sortir et faire la fête, elle ne prend rien au sérieux.",gen_AI,,,,,,,,
FR11,flemme,NOUN,[no_synset],[no_synset_lemma],Grande paresse.,lr,"Il a encore la flemme de faire le moindre effort, toujours à se plaindre sans agir.",gen_AI,,,,,,,,
FR2817,flic,NOUN,Synset('omw-iwn-09879144-n'),"['cochon', 'cuivre', 'flic', 'keuf', 'porc', 'poulet', 'taureau']",termes peu flatteurs pour un policier),own,Ce flic ne fait rien d’autre que harceler les gens honnêtes au lieu de s’attaquer aux vrais criminels.,gen_AI,,,,,,,,
FR1441,folie,NOUN,Synset('omw-iwn-00512843-n'),"['affolement', 'aliénation', 'folie']",comportement insensé ou insensé,own,C’est de la pure folie de prendre ce risque sans aucune préparation.,gen_AI,,,,,,,,
FR1441,folie,NOUN,Synset('omw-iwn-14395018-n'),"['aberration', 'affolement', 'aliénation', 'folie']",trouble relativement permanent de l'esprit,lr,Son comportement erratique laisse penser qu’il est atteint de folie.,gen_AI,,,,,,,,
FR1863,fou,ADJ,Synset('omw-iwn-02074092-a'),"['aberrant', 'fou']",atteinte ou caractéristique d’un trouble mental,own,Son idée était tellement folle qu’elle frôlait le délire complet.,gen_AI,,,,,,,,
FR268,fou,NOUN,Synset('omw-iwn-09976283-n'),"['folle', 'fou']",quelqu’un de dérangé et peut-être dangereux,own,"Ce fou erre dans les rues, menaçant tout le monde autour de lui.",gen_AI,,,,,,,,
FR2249,foutre,VERB,Synset('omw-iwn-01426397-v'),"['aimer', 'avoir', 'avoir_des_relations_sexuelles', 'baiser', 'bien', 'connaître', 'enconner', 'enculer', ""faire_l'amour"", 'fourrer', 'foutre', 'niquer', 'savoir']",Posséder sexuellement.,lr,Va te faire foutre !,lr,,,,,,,,
FR2249,foutre,VERB,[no_synset],[no_synset_lemma],Faire.,lr,Qu'est-ce que ça peut me foutre ?,lr,,,,,,,,
FR2249,foutre,VERB,[no_synset],[no_synset_lemma],Donner (avec violence).,lr,"Tais-toi, ou je te fous une baffe !",lr,,,,,,,,
FR1296,foutre,NOUN,Synset('omw-iwn-05404336-n'),"['foutre', 'graine', 'jute', 'semence', 'sperme', 'éjaculer']",le liquide blanc épais contenant des spermatozoïdes qui est éjaculé par l’appareil génital masculin,own,"Il parle tout le temps de sexe, c’est vraiment un obsédé du foutre.",gen_AI,,,,,,,,
FR3447,foutu,ADJ,[no_synset],[no_synset_lemma],Mauvais.,lr,Il a un foutu caractère.,lr,,,,,,,,
FR3447,foutu,ADJ,[no_synset],[no_synset_lemma],"Perdu, ruiné ou condamné. ",lr,C'est un type foutu.,lr,,,,,,,,
FR3447,foutu,ADJ,[no_synset],[no_synset_lemma],"Fait, arrangé, conçu (plus ou moins bien).",lr,Une fille mal foutue.,lr,,,,,,,,
FR44,fraude,NOUN,Synset('omw-iwn-00753685-n'),"['canular', 'escroquerie', 'fraude', 'intox']",quelque chose destiné à tromper; tricherie délibérée destinée à obtenir un avantage,own,Cette entreprise pratique la fraude systématique pour gonfler ses bénéfices au détriment des clients.,gen_AI,,,,,,,,
FR2705,furieux,ADJ,[no_synset],[no_synset_lemma],"En proie à la fureur, au délire.",lr,"Il est devenu furieux pour un rien, perdant tout contrôle et insultant tout le monde autour.",gen_AI,,,,,,,,
FR775,gâcher,NOUN,Synset('omw-iwn-00074790-n'),"['Bêtisier', 'blooper', 'bobo', 'bousiller', 'bévue', 'bêtisier', 'gâcher', 'perle', 'trique']",une erreur embarrassante,own,Ce gâcher dans la présentation a complètement fait perdre la crédibilité au conférencier,gen_AI,,,,,,,,
FR3214,gâcher,VERB,[no_synset],[no_synset_lemma],"Gâter, troubler.",lr,Il nous gâche le plaisir.,lr,,,,,,,,
FR3214,gâcher,VERB,Synset('omw-iwn-02527651-v'),"['bousiller', 'enculer', 'foirer', 'gâcher', 'les_boules', 'merde', 'niquer', 'putain']","faire un gâchis, détruire ou ruiner",own,Il a complètement gâché l’événement avec son comportement immature et irresponsable.,gen_AI,,,,,,,,
FR774,gaffe,NOUN,Synset('omw-iwn-00076196-n'),"['Solécisme', 'bévue', 'faux_pas', 'gaffe', 'impair', 'solécisme', 'soulier']",Acte socialement maladroit ou sans tact,own,Il a encore fait une gaffe énorme en insultant son patron devant tout le monde.,gen_AI,,,,,,,,
FR1543,gamin,NOUN,Synset('omw-iwn-10741367-n'),"['brigand', 'gamin', 'gamine', 'garnement', 'môme', 'urchin']",enfant citadin pauvre et souvent espiègle,own,"Ce gamin ne respecte rien ni personne, toujours à faire des bêtises dans le quartier.",gen_AI,,,,,,,,
FR646,gang,NOUN,Synset('omw-iwn-08244062-n'),"['anneau', 'bague', 'bande', 'cercle', 'gang', 'meute']","Bande organisée, association de malfaiteurs ",lr,Ce gang de voyous terrorise tout le quartier sans jamais être inquiété par la police.,gen_AI,,,,,,,,
FR584,gars,NOUN,Synset('omw-iwn-09908025-n'),"['gars', 'individu', 'mec']",un garçon ou un homme,own,Ce gars-là ne fout rien de ses journées et se plaint tout le temps.,gen_AI,,,,,,,,
FR1341,gay,NOUN,[no_synset],[no_synset_lemma],Relatif aux homosexuels.,lr,musclés virils c est un film gay ou c est pour les midinettes ?:),se,,,,,,,,
FR2401,gens,NOUN,Synset('omw-iwn-08180190-n'),"['foule', 'gens', 'masse', 'peuple', 'plèbe']",les gens ordinaires en général,own,"Ces gens ne comprennent rien à rien, toujours à critiquer sans savoir.",gen_AI,,,,,,,,
FR394,gosse,NOUN,[no_synset],[no_synset_lemma],Enfant.,lr,Un sale gosse,lr,,,,,,,,
FR1006,gueule,NOUN,Synset('omw-iwn-05302307-n'),"['gouffre', 'gueule', 'maw', 'piège', 'trou']",termes informels pour la bouche,own,(Ferme) ta gueule !,lr,,,,,,,,
FR1006,gueule,NOUN,[no_synset],[no_synset_lemma],"Figure, visage",lr,il a une sale gueule.,lr,,,,,,,,
FR2496,handicap,NOUN,Synset('omw-iwn-14548343-n'),"['handicap', 'infirmité', 'invalidité']",la condition d’être incapable de travailler en raison d’une incapacité physique ou mentale,own,"Il se sert de son handicap comme d’un bouclier pour éviter toute responsabilité, c’est pathétique.",gen_AI,,,,,,,,
FR2497,handicapé,NOUN,[no_synset],[no_synset_lemma],Qui est en situation de handicap.,lr,"Il se comporte comme un handicapé incapable de comprendre quoi que ce soit, toujours à ralentir tout le monde.",gen_AI,,,,,,,,
FR1714,horreur,NOUN,Synset('omw-iwn-03537866-n'),"['atrocité', 'effroi', 'horreur']",quelque chose qui inspire le dégoût; quelque chose d’horrible,own,"Cette décoration est une horreur, c’est un vrai cauchemar visuel qui donne envie de fuir.",gen_AI,,,,,,,,
FR1726,hypocrisie,NOUN,Synset('omw-iwn-04868148-n'),['hypocrisie'],l’insincérité en prétendant avoir des qualités ou des croyances que vous n’avez pas vraiment,own,"Son hypocrisie est insupportable, il joue un double jeu ignoble pour manipuler tout le monde.",gen_AI,,,,,,,,
FR1722,hypocrite,NOUN,Synset('omw-iwn-10195593-n'),"['charlatan', 'faux', 'hypocrite', 'mystificateur', 'trompeur']",une personne qui professe des croyances et des opinions qu’elle n’a pas afin de dissimuler ses sentiments ou motifs réels,own,"C’est un hypocrite fini, prêt à trahir ses proches pour préserver son image de saint.",gen_AI,,,,,,,,
FR277,idiot,NOUN,Synset('omw-iwn-09921409-n'),"['dupe', 'idiot', 'mouette', 'pigeon']",une personne crédule et facile à exploiter,own,Ce pigeon idiot s’est fait avoir par la première arnaque venue.,gen_AI,,,,,,,,
FR277,idiot,NOUN,Synset('omw-iwn-10197525-n'),"['abruti', 'attardé', 'bêta', 'con', 'concombre', 'connard', 'crétin', 'idiot', 'imbécile', 'retard', 'tête_de_nœud']",une personne dont l'intelligence est inférieure à la normale,own,"C’est un abruti fini, incapable de comprendre quoi que ce soit de complexe.",gen_AI,,,,,,,,
FR277,idiot,NOUN,Synset('omw-iwn-10667187-n'),"['idiot', 'imbécile', 'stupide']",une personne qui n'est pas très intelligente,own,"Avec son raisonnement idiot, il ridiculise toute l’équipe.",gen_AI,,,,,,,,
FR626,idiot,ADJ,Synset('omw-iwn-00439588-a'),"['bêta', 'idiot', 'stupide']",manque ou est marqué par un manque d’acuité intellectuelle,own,Cette décision idiote a foutu en l’air tout le projet.,gen_AI,,,,,,,,
FR2539,ignorance,NOUN,Synset('omw-iwn-05988282-n'),['ignorance'],le manque de connaissances ou d’éducation,own,"Son ignorance crasse l’empêche de comprendre les choses les plus simples, c’est désespérant.",gen_AI,,,,,,,,
FR3768,imbécile,ADJ,Synset('omw-iwn-02570282-a'),"['absurde', 'imbécile', 'insensé', 'stupide']",dénué de bon sens ou de jugement,own,"Quelle idée imbécile de venir ici sans prévenir, tu ne penses jamais aux conséquences.",gen_AI,,,,,,,,
FR261,imbécile,NOUN,Synset('omw-iwn-10197525-n'),"['abruti', 'attardé', 'bêta', 'con', 'concombre', 'connard', 'crétin', 'idiot', 'imbécile', 'retard', 'tête_de_nœud']",une personne d’intelligence subnormale,own,"C’est un imbécile complet, incapable de comprendre quoi que ce soit de complexe.",gen_AI,,,,,,,,
FR261,imbécile,NOUN,Synset('omw-iwn-10039663-n'),"['bonehead', 'buche', 'bûche', 'bœuf', 'cancre', 'enculé', 'enfoiré', 'imbécile', 'nullard']",une personne stupide ; ces mots sont utilisés pour exprimer une mauvaise opinion de l'intelligence de quelqu'un,own,Cet imbécile a encore fait planter le système avec ses manipulations foireuses.,gen_AI,,,,,,,,
FR261,imbécile,NOUN,Synset('omw-iwn-10358794-n'),"['abruti', 'benêt', 'cloche', 'con', 'connard', 'cornichon', 'crétin', 'dadais', 'demeuré', 'débile', 'gourde', 'imbécile', 'mal_cuit', 'niais', 'nigaud', 'poupe', 'ravi', 'simplet', 'sot']",une personne stupide et idiote,own,"Regarde cet imbécile, toujours à faire les pires erreurs sans apprendre.",gen_AI,,,,,,,,
FR261,imbécile,NOUN,Synset('omw-iwn-10667187-n'),"['idiot', 'imbécile', 'stupide']",une personne qui n'est pas très intelligente,own,"Arrête de faire l’imbécile, concentre-toi un peu sur ton travail.",gen_AI,,,,,,,,
FR802,incapable,NOUN,[no_synset],[no_synset_lemma],"qui n'est pas capable (par nature ou par accident, de façon temporaire ou définitive) de.",lr,Cet incapable gâche toujours tout ce qu’il touche.,gen_AI,,,,,,,,
FR2612,incapable,ADJ,Synset('omw-iwn-00002098-a'),['incapable'],"ne pas avoir les moyens, les compétences ou le savoir-faire nécessaires",own,Il est incapable de gérer un simple projet sans aide.,gen_AI,,,,,,,,
FR2682,jalousie,NOUN,Synset('omw-iwn-07550079-n'),"['envie', 'jalousie']",un sentiment de jalousie (surtout envers un rival),own,Sa jalousie maladive détruit toutes ses relations.,gen_AI,,,,,,,,
FR2685,jaloux,ADJ,[no_synset],[no_synset_lemma],"Qui éprouve de la jalousie (1), de l'envie.",lr,Il est trop jaloux et étouffe tout autour de lui.,gen_AI,,,,,,,,
FR3948,jaune,NOUN,[no_synset],[no_synset_lemma],Asiatique.,lr,Il traite tous les jaunes comme des étrangers.,gen_AI,,,,,,,,
FR2396,juif,NOUN,Synset('omw-iwn-09681351-n'),"['Juif', 'Juifs', 'Juive', 'hébreu', 'juif', 'juive']",une personne appartenant au groupe mondial revendiquant la descendance de Jacob (ou convertie à celui-ci) et liée par des liens culturels ou religieux,own,Cet homme est accusé à tort à cause de son statut de juif.,gen_AI,,,,,,,,
FR3737,juif,ADJ,Synset('omw-iwn-02922263-a'),['juif'],"des Juifs, de leur culture ou de leur religion",own,"Il déforme tout dans un style juif, selon ses préjugés.",gen_AI,,,,,,,,
FR3518,lâche,ADJ,Synset('omw-iwn-00264776-a'),"['bas', 'couard', 'lâche', 'peureux', 'redoutable', 'veule']",manque de courage; ignoblement timide et peureux,own,Ce lâche fuit dès qu’il y a un problème.,gen_AI,,,,,,,,
FR1073,lâche,NOUN,Synset('omw-iwn-09614047-n'),"['couard', 'lâche', 'peureux']",une personne qui montre de la peur ou de la timidité,own,Un vrai lâche ne mérite pas le respect.,gen_AI,,,,,,,,
FR1387,lâcheté,NOUN,Synset('omw-iwn-04860065-n'),"['délit_de_lâcheté', 'faiblesse', 'lâcheté']",trait de manque de courage,own," Sa lâcheté est la cause de tous ses échecs.
",gen_AI,,,,,,,,
FR1736,lune,NOUN,[no_synset],[no_synset_lemma],très distrait.,lr,"Il est toujours dans la lune, incapable de suivre.",gen_AI,,,,,,,,
FR1736,lune,NOUN,[no_synset],[no_synset_lemma],derrière.,lr,Assieds-toi sur ta lune et arrête de râler.,gen_AI,,,,,,,,
FR1961,mac,NOUN,[no_synset],[no_synset_lemma],souteneur,lr,Ce mac exploite des jeunes femmes sans scrupules.,gen_AI,,,,,,,,
FR2819,mafia,NOUN,Synset('omw-iwn-08245425-n'),['mafia'],"Bande organisée, association de malfaiteurs ",lr,La mafia contrôle tout le quartier par la terreur.,gen_AI,,,,,,,,
FR1969,maîtresse,NOUN,Synset('omw-iwn-10323752-n'),['maîtresse'],une femme adultère; une femme qui a une relation sexuelle extraconjugale avec un homme,own,Il trompe sa femme avec sa maîtresse depuis des années.,gen_AI,,,,,,,,
FR1000,mal,ADV,Synset('omw-iwn-01125429-a'),"['mal', 'mauvais']",avoir des qualités indésirables ou négatives,own,"Il fait toujours son travail mal, c’est insupportable.",gen_AI,,,,,,,,
FR1907,mal,NOUN,Synset('omw-iwn-00745637-n'),"['immoralité', 'mal']",comportement moralement répréhensible,own,Son mal cause la souffrance autour de lui.,gen_AI,,,,,,,,
FR2299,malin,ADJ,Synset('omw-iwn-01131043-a'),"['malfaisant', 'malin', 'maléfique']",moralement mauvais ou mal,own,C’est un malin qui manipule tout le monde pour son profit.,gen_AI,,,,,,,,
FR43,maltraitance,NOUN,Synset('omw-iwn-00419908-n'),"['abus', 'maltraitance']",traitement cruel ou inhumain,own,La maltraitance des enfants dans cette famille est honteuse.,gen_AI,,,,,,,,
FR953,masse,NOUN,Synset('omw-iwn-09348055-n'),"['collectif', 'masse']",un corps de matière sans forme définie,own,Une masse de personnes ignorantes sans opinion propre.,gen_AI,,,,,,,,
FR1001,mauvais,ADJ,Synset('omw-iwn-01125429-a'),"['mal', 'mauvais']",avoir des qualités indésirables ou négatives,own,Il est un mauvais élément dans l’équipe.,gen_AI,,,,,,,,
FR577,mec,NOUN,Synset('omw-iwn-10083358-n'),"['homme', 'mec']",une forme d'adresse informelle pour un homme,own,Ce mec est incapable de finir quoi que ce soit.,gen_AI,,,,,,,,
FR577,mec,NOUN,Synset('omw-iwn-09908025-n'),"['gars', 'individu', 'mec']",un garçon ou un homme,own,"Ce mec est complètement paumé, incapable de prendre une décision.",gen_AI,,,,,,,,
FR980,méchant,NOUN,Synset('omw-iwn-10753546-n'),"['Moi', 'canaille', 'gredin', 'méchant', 'scélérat', 'vilain']",une personne méchante ou mauvaise; quelqu’un qui fait le mal délibérément,own,Ce méchant ne pense qu’à nuire aux autres.,gen_AI,,,,,,,,
FR3701,méchant,ADJ,Synset('omw-iwn-02513740-a'),['méchant'],moralement mauvais en principe ou dans la pratique,own,Un geste méchant qui montre son vrai visage.,gen_AI,,,,,,,,
FR981,méchante,NOUN,[no_synset],[no_synset_lemma],"Qui fait délibérément du mal ou cherche à en faire, le plus souvent de façon ouverte et agressive",lr,C’est une méchante qui profite des faiblesses des autres.,gen_AI,,,,,,,,
FR2663,membre,NOUN,Synset('omw-iwn-05526384-n'),"['Phallus', 'Pénis', 'bite', 'membre', 'phallus', 'pénis', 'verge']",sexe de l'homme,lr,Il parle toujours de son membre comme d’une fierté ridicule.,gen_AI,,,,,,,,
FR572,mensonge,NOUN,Synset('omw-iwn-06756407-n'),"['contrevérité', 'mensonge', 'menterie']",une fausse déclaration,own,Son mensonge constant détruit toute confiance.,gen_AI,,,,,,,,
FR621,menteur,NOUN,Synset('omw-iwn-10256537-n'),"['menteur', 'menteuse']",une personne qui a menti ou qui ment à plusieurs reprises,own,C’est un menteur invétéré qui ne sait pas dire la vérité.,gen_AI,,,,,,,,
FR2610,mentir,VERB,Synset('omw-iwn-00834259-v'),['mentir'],dire un mensonge; faire semblant avec l’intention de tromper,own,Il ment sans cesse pour cacher ses échecs.,gen_AI,,,,,,,,
FR3215,merder,VERB,[no_synset],[no_synset_lemma],"Éprouver des difficultés, ne pas savoir répondre",lr,Merder à une interro de maths.,lr,,,,,,,,
FR3215,merder,VERB,[no_synset],[no_synset_lemma],"Échouer, rater.",lr,L'affaire a complètement merdé.,lr,,,,,,,,
FR1291,merde,NOUN,Synset('omw-iwn-13555775-n'),"['chier', 'merde']",un terme grossier pour la défécation,own,"Ce plan est une vraie merde, rien ne fonctionne comme prévu.",gen_AI,,,,,,,,
FR3251,mettre,VERB,Synset('omw-iwn-00187526-v'),"['insérer', 'introduire', 'mettre', 'présenter']",introduire,own,Il met toujours son grain de sel là où il ne faut pas.,gen_AI,,,,,,,,
FR3131,meurtre,NOUN,Synset('omw-iwn-00220023-n'),"['assassin', 'assassinat', 'homicide', 'homicide_involontaire', 'meurtre', 'meutrier', 'meutrière']",le meurtre d’un être humain par un autre être humain,own,Ce meurtre odieux prouve l’inhumanité totale de ce monstre.,gen_AI,,,,,,,,
FR1004,moche,ADJ,Synset('omw-iwn-00220956-a'),"['laid', 'moche']",désagréable pour les sens,own,Ce type est tellement moche qu’il fait peur rien qu’en entrant dans la pièce.,gen_AI,,,,,,,,
FR3291,mourir,VERB,Synset('omw-iwn-00351576-v'),"['décéder', 'finir', 'mourir']",disparaître,own,"Son esprit est mort depuis longtemps, incapable de se relever.",gen_AI,,,,,,,,
FR2992,moutons,NOUN,[no_synset],[no_synset_lemma],"une personne qui se laisse mener passivement, n'a pas d'opinion personnelle.",lr,Ces moutons suivent bêtement sans jamais réfléchir par eux-mêmes.,gen_AI,,,,,,,,
FR1835,nain,NOUN,Synset('omw-iwn-10040344-n'),"['nabot', 'nain']",une personne qui est nettement plus petite,own,"Il se croit grand, mais c’est juste un nain dans tous les domaines.",gen_AI,,,,,,,,
FR2155,nana,NOUN,Synset('omw-iwn-09989045-n'),"['fille', 'gonzesse', 'jeune_fille', 'jupe', 'minette', 'nana', 'oiseau', 'poupée', 'poussin']",des termes informels pour une (jeune) femme,own,"Cette nana ne pense qu’à elle, toujours superficielle et égoïste.",gen_AI,,,,,,,,
FR1987,nazi,NOUN,[no_synset],[no_synset_lemma],Membre du parti national-socialiste de Hitler.,lr,Ce nazi prétend défendre la nation mais ne fait que semer la haine.,gen_AI,,,,,,,,
FR1302,nique,NOUN,[no_synset],[no_synset_lemma],"Faire la nique à qqn, lui faire un signe de mépris, de bravade.",lr,"Il lui a fait une nique méprisante, incapable de garder son calme.",gen_AI,,,,,,,,
FR3455,niqué,ADJ,[no_synset],[no_synset_lemma]," abîmé, bousillé",lr,"Ce téléphone est complètement niqué après sa chute, foutu pour de bon.",gen_AI,,,,,,,,
FR2242,niquer,VERB,Synset('omw-iwn-02527651-v'),"['bousiller', 'enculer', 'foirer', 'gâcher', 'les_boules', 'merde', 'niquer', 'putain']","Abîmer, détériorer ; détruire.",lr,il a niqué la télé avec son produit.,hn,,,,,,,,
FR2242,niquer,VERB,Synset('omw-iwn-02573275-v'),"['arracher', 'entuber', 'niquer', 'tromper']","Attraper, berner (qqn).",lr,Il s'est fait niquer.,lr,,,,,,,,
FR2242,niquer,VERB,Synset('omw-iwn-01426397-v'),"['aimer', 'avoir', 'avoir_des_relations_sexuelles', 'baiser', 'bien', 'connaître', 'enconner', 'enculer', ""faire_l'amour"", 'fourrer', 'foutre', 'niquer', 'savoir']",avoir des rapports sexuels avec,own,"Nique ta mère !, nique ta race !",lr,,,,,,,,
FR1914,noir,ADJ,Synset('omw-iwn-00241952-a'),['noir'],"d’un groupe racial ou appartenant à un groupe racial ayant une peau foncée, en particulier d’origine africaine subsaharienne",own,regarde ce noir là-bas comment il est habillé,hn,,,,,,,,
FR2517,non sens,NOUN,[no_synset],[no_synset_lemma],au sens de absurdité,lr,"Ce qu’il raconte est un non-sens complet, digne d’un enfant incapable de raisonner.",gen_AI,,,,,,,,
FR1406,ordures,NOUN,[no_synset],[no_synset_lemma],Personne abjecte,lr,Espèce d'ordure !,lr,,,,,,,,
FR3781,pathétique,ADJ,[no_synset],[no_synset_lemma],Qui inspire une pitié méprisante.,lr,"Son attitude pathétique fait honte à tout le monde, incapable de se relever.",gen_AI,,,,,,,,
FR1911,pauvre,ADJ,Synset('omw-iwn-02502163-a'),"['miserable', 'misérable', 'ne_vaut_rien', 'nul', 'nulle', 'pauvre', 'sans_valeur']",manque d’utilité ou de valeur,own,C’est un pauvre type incapable de réussir quoi que ce soit.,gen_AI,,,,,,,,
FR2345,pauvre,NOUN,Synset('omw-iwn-10409011-n'),"['indigent', 'miséreux', 'pauvre']",une personne très pauvre,own,Ce pauvre vit dans la misère et ne fait rien pour s’en sortir.,gen_AI,,,,,,,,
FR2523,pauvreté,NOUN,Synset('omw-iwn-14493145-n'),['pauvreté'],l’état d’avoir peu ou pas d’argent et peu ou pas de biens matériels,lr,Sa pauvreté intellectuelle est aussi choquante que son manque d’argent.,gen_AI,,,,,,,,
FR1142,pédophile,NOUN,Synset('omw-iwn-10412669-n'),['pédophile'],un adulte qui est attiré sexuellement par les enfants,own,il a vraiment une tête de pédophile à regarder les enfants comme ça.,hn,,,,,,,,
FR1212,péter,VERB,Synset('omw-iwn-00101629-v'),"['pet', 'péter']",expulser les gaz intestinaux par l’anus,own,"Il n’arrête pas de péter bruyamment sans aucune gêne, c’est vraiment dégoûtant.",gen_AI,,,,,,,,
FR1212,péter,VERB,[no_synset],[no_synset_lemma],Casser,lr,Il lui a pété la gueule.,lr,,,,,,,,
FR1212,péter,VERB,[no_synset],[no_synset_lemma],perdre le contrôle de soi ; devenir fou.,lr,"Péter les plombs (les boulons, un câble, une durit, etc.)",lr,,,,,,,,
FR504,pigeon,NOUN,Synset('omw-iwn-09921409-n'),"['dupe', 'idiot', 'mouette', 'pigeon']",une personne crédule et facile à exploiter,own,c'est un vrai pigeon d'avoir payé ce prix.,hn,,,,,,,,
FR1643,pirate,NOUN,Synset('omw-iwn-10437262-n'),"['copieur', 'piratage', 'pirate', 'plagiaire']",quelqu’un qui utilise les mots ou les idées d’une autre personne comme s’ils étaient les siens,own,Ce pirate vole sans honte le travail des autres pour se faire de l’argent facile.,gen_AI,,,,,,,,
FR3698,pitoyable,ADJ,[no_synset],[no_synset_lemma],Digne de pitié.,lr,Son comportement pitoyable montre à quel point il est incapable de gérer la moindre responsabilité.,gen_AI,,,,,,,,
FR716,porc,NOUN,Synset('omw-iwn-10179649-n'),"['cochon', 'porc']",une personne considérée comme gourmande et porcine,own,Manger comme un porc,lr,,,,,,,,
FR716,porc,NOUN,Synset('omw-iwn-10612210-n'),"['cochon', 'porc']",une personne grossière et odieuse,own,C'est un vrai porc,lr,,,,,,,,
FR583,pote,NOUN,[no_synset],[no_synset_lemma],"Camarade, ami.",lr,"lui, c'est vraiment pas un pote.",hn,,,,,,,,
FR558,poule,NOUN,[no_synset],[no_synset_lemma],Fille de mœurs légères.,lr,regarde ces petites poules sur la plage.,hn,,,,,,,,
FR1078,poulet,NOUN,Synset('omw-iwn-09879144-n'),"['cochon', 'cuivre', 'flic', 'keuf', 'porc', 'poulet', 'taureau']",termes peu flatteurs pour un policier),own,"Ces poulets ne font que traîner dans les rues sans rien faire de concret, incapables de protéger personne.",gen_AI,,,,,,,,
FR1224,problème,NOUN,Synset('omw-iwn-07289014-n'),"['difficulté', 'problème']",un événement causant de la détresse ou de la douleur,own,"Il est un vrai problème partout où il passe, toujours à créer des conflits inutiles.",gen_AI,,,,,,,,
FR1424,punaise,NOUN,[no_synset],[no_synset_lemma],Personne détestable.,lr,"Cette punaise ne pense qu’à nuire aux autres, une vraie plaie pour tout le monde.",gen_AI,,,,,,,,
FR532,putain,NOUN,Synset('omw-iwn-09772930-n'),"['adultère', 'garce', 'putain', 'pute', 'salope']",une femme adultère; une femme qui a une relation sexuelle extraconjugale avec un homme,own,Cette putain trahit son mari sans aucune honte.,gen_AI,,,,,,,,
FR532,putain,NOUN,Synset('omw-iwn-10485440-n'),"['catin', 'fille', 'prostituée', 'putain', 'pute']",une femme qui a des rapports sexuels pour de l’argent,own,Il méprise ces putains qu’il croit responsables de tous les problèmes.,gen_AI,,,,,,,,
FR532,putain,NOUN,Synset('omw-iwn-10609198-n'),"['garce', 'putain', 'pute', 'salope']",une femme sale et désordonnée,own,"C’est une putain dégoûtante, incapable de tenir sa vie en ordre.",gen_AI,,,,,,,,
FR539,pute,NOUN,Synset('omw-iwn-09772930-n'),"['adultère', 'garce', 'putain', 'pute', 'salope']",une femme adultère; une femme qui a une relation sexuelle extraconjugale avec un homme,own,Cette pute ne pense qu’à tromper son mari sans aucun remords.,gen_AI,,,,,,,,
FR539,pute,NOUN,Synset('omw-iwn-10485440-n'),"['catin', 'fille', 'prostituée', 'putain', 'pute']",une femme qui a des rapports sexuels pour de l’argent,own,Il traite toutes les prostituées de putes avec un mépris total.,gen_AI,,,,,,,,
FR539,pute,NOUN,Synset('omw-iwn-10609198-n'),"['garce', 'putain', 'pute', 'salope']",une femme sale et désordonnée,own,"C’est une vraie pute, incapable de garder un minimum d’hygiène.",gen_AI,,,,,,,,
FR1209,queue,NOUN,[no_synset],[no_synset_lemma],Pénis.,lr,suce ma queue !,hn,,,,,,,,
FR1128,racaille,NOUN,[no_synset],[no_synset_lemma],Ensemble d'individus louches (craints ou méprisés).,lr,il a vraiment une tête de racaille avec sa casquette.,hn,,,,,,,,
FR3081,race,NOUN,Synset('omw-iwn-07967982-n'),['race'],les personnes dont on croit qu’elles appartiennent au même stock génétique,own,ce type est vraiment une sale race.,hn,,,,,,,,
FR2100,rage,NOUN,Synset('omw-iwn-14271667-n'),"['folie', 'rage']",une maladie virale aiguë du système nerveux des animaux à sang chaud (habituellement transmise par la morsure d’un animal enragé); la rage est mortelle si le virus atteint le cerveau,own,"Ce type enragé, bouffé par la rage, est une menace mortelle qu’il faudrait abattre sans hésiter.",gen_AI,,,,,,,,
FR355,rat,NOUN,Synset('omw-iwn-10206173-n'),"['informateur', 'mouchard', 'rat', 'traître']",celui qui révèle des informations confidentielles en échange d’argent,own,C’est un rat qui vend ses proches pour un peu d’argent sale.,gen_AI,,,,,,,,
FR355,rat,NOUN,[no_synset],[no_synset_lemma],"Personne avare, pingre.",lr,"Ce rat refuse toujours de payer sa part, même pour un café.",gen_AI,,,,,,,,
FR355,rat,NOUN,[no_synset],[no_synset_lemma],personne qui passe son temps dans les livres.,lr,Un rat de bibliothèque incapable de vivre dans le monde réel.,gen_AI,,,,,,,,
FR362,retard,NOUN,Synset('omw-iwn-10197525-n'),"['abruti', 'attardé', 'bêta', 'con', 'concombre', 'connard', 'crétin', 'idiot', 'imbécile', 'retard', 'tête_de_nœud']",une personne d’intelligence subnormale,own,"Ce retard ne comprend jamais rien, même aux choses les plus simples.",gen_AI,,,,,,,,
FR280,ridicule,NOUN,Synset('omw-iwn-10100761-n'),"['dupe', 'ridicule']",une personne qui manque de jugement,own,Ce ridicule ne comprend jamais rien et se ridiculise à chaque fois qu’il ouvre la bouche,gen_AI,,,,,,,,
FR3602,sale,ADJ,Synset('omw-iwn-00424370-a'),"['sale']
",(de comportement ou surtout de langage) caractérisé par l’obscénité ou l’indécence,own,Il a un langage sale et grossier qui choque tout le monde autour de lui.,gen_AI,,,,,,,,
FR535,salope,NOUN,Synset('omw-iwn-09772930-n'),"['adultère', 'garce', 'putain', 'pute', 'salope']",une femme adultère; une femme qui a une relation sexuelle extraconjugale avec un homme,own,Cette salope ne pense qu’à tromper son mari sans aucun remords.,gen_AI,,,,,,,,
FR535,salope,NOUN,Synset('omw-iwn-10609198-n'),"['garce', 'putain', 'pute', 'salope']",une femme sale et désordonnée,own,"C’est une vraie salope, incapable de garder un minimum de propreté.",gen_AI,,,,,,,,
FR535,salope,NOUN,Synset('omw-iwn-10758337-n'),"['chipie', 'garce', 'renarde', 'rosse', 'salope', 'sirène']",une femme malveillante avec un tempérament féroce,own,Cette salope manipule tout le monde avec sa méchanceté et son venin.,gen_AI,,,,,,,,
FR760,sang,NOUN,Synset('omw-iwn-07944618-n'),['sang'],les personnes considérées comme des membres d’un groupe,own,lui c'est vraiment le sang !,hn,,,,,,,,
FR2254,sauter,VERB,[no_synset],[no_synset_lemma],Être supprimé.,lr,si il continue comme ça il ne va pas tarder à sauter de son poste.,hn,,,,,,,,
FR2254,sauter,VERB,[no_synset],[no_synset_lemma],Avoir des relations sexuelles avec (qqn).,lr,il saute tout ce qui bouge c'est insupportable,hn,,,,,,,,
FR419,sauvage,NOUN,Synset('omw-iwn-10553402-n'),"['barbare', 'sauvage']",membre d’un peuple non civilisé,own,"Ils traitaient les autochtones de sauvages, ignorant leur culture et leur humanité.",gen_AI,,,,,,,,
FR2884,sauvage,ADJ,Synset('omw-iwn-02390335-a'),['sauvage'],marqué par un manque extrême de retenue ou de contrôle,own,Son comportement sauvage choque tout le monde par sa brutalité et son absence totale de respect.,gen_AI,,,,,,,,
FR2894,scandaleux,ADJ,[no_synset],[no_synset_lemma],Qui cause du scandale.,lr,Ce comportement scandaleux dépasse toutes les limites de la décence et du respect.,gen_AI,,,,,,,,
FR2415,sdf,NOUN,Synset('omw-iwn-07948314-n'),"['SDF', 'abri', 'toit']",Les pauvres qui n’ont malheureusement pas de logement,own,il est fringué comme un sdf.,hn,,,,,,,,
FR1630,simple,NOUN,Synset('omw-iwn-10599354-n'),"['nigaud', 'pur', 'simple']","Qui a peu de finesse, se laisse facilement tromper.",lr,Il est un peu simple.,lr,,,,,,,,
FR629,stupide,ADJ,Synset('omw-iwn-00439588-a'),"['bêta', 'idiot', 'stupide']",manque ou est marqué par un manque d’acuité intellectuelle,own,Il fait toujours des choix stupides qui nuisent à tout le monde.,gen_AI,,,,,,,,
FR629,stupide,ADJ,Synset('omw-iwn-01336587-a'),"['idiot', 'stupide']",manquait d'intelligence,own,C’est tellement stupide qu’il ne comprend jamais rien à rien.,gen_AI,,,,,,,,
FR629,stupide,ADJ,Synset('omw-iwn-02570282-a'),"['absurde', 'imbécile', 'insensé', 'stupide']",dénué de bon sens ou de jugement,own,Cette décision stupide a foutu en l’air tout le projet.,gen_AI,,,,,,,,
FR509,stupide,NOUN,Synset('omw-iwn-10667187-n'),"['idiot', 'imbécile', 'stupide']",une personne qui n’est pas très brillante,own,"Arrête d’agir comme un stupide, ça devient insupportable.",gen_AI,,,,,,,,
FR1705,tache,NOUN,[no_synset],[no_synset_lemma],Personne lamentable ou ridicule.,lr,Quelle tache ce type !,hn,,,,,,,,
FR1337,tante,NOUN,Synset('omw-iwn-10076033-n'),"['clope', 'fée', 'pet', 'prout', 'pédale', 'pédé', 'tante', 'tapette']",terme offensant pour un homme ouvertement homosexuel,own,ce mec est une vraie tante,hn,,,,,,,,
FR1820,tas,NOUN,[no_synset],[no_synset_lemma],Grand nombre (de gens).,lr,Un tas d’ignorants qui répètent n’importe quoi sans réfléchir.,gen_AI,,,,,,,,
FR3120,terrorisme,NOUN,Synset('omw-iwn-00759694-n'),['terrorisme'],"l’utilisation calculée de la violence (ou de la menace de violence) contre des civils afin d’atteindre des objectifs politiques, religieux ou idéologiques; cela se fait par l’intimidation ou la coercition ou en suscitant la peur)",own,Le terrorisme est une ignominie qui s’attaque aux innocents pour semer la peur.,gen_AI,,,,,,,,
FR3120,terrorisme,NOUN,Synset('omw-iwn-10702483-n'),"['effroi', 'terreur', 'terrorisme']",un enfant très gênant,own,"Ce gamin est un vrai terrorisme, il fait chier tout le monde sans arrêt.",gen_AI,,,,,,,,
FR3120,terrorisme,NOUN,Synset('omw-iwn-10702781-n'),"['terrorisme', 'terroriste']",un radical qui utilise la terreur comme arme politique; organise habituellement avec d’autres terroristes dans de petites cellules; utilise souvent la religion comme couverture pour des activités terroristes,own,Ce terrorisme fanatique détruit tout espoir de paix avec ses actes barbares.,gen_AI,,,,,,,,
FR3119,terroriste,NOUN,Synset('omw-iwn-10702781-n'),"['terrorisme', 'terroriste']",un radical qui utilise la terreur comme arme politique; organise habituellement avec d’autres terroristes dans de petites cellules; utilise souvent la religion comme couverture pour des activités terroristes,own,Ce terroriste fanatique ne recule devant rien pour imposer ses idées barbares.,gen_AI,,,,,,,,
FR3727,tocard,NOUN,[no_synset],[no_synset_lemma],"Personne incapable, sans valeur.",lr,Quelle tocarde !,lr,,,,,,,,
FR3895,torturer,VERB,Synset('omw-iwn-00071178-v'),"['torture', 'torturer', 'tourmenter']",soumis à la torture,own,"Ils ont torturé leurs victimes sans aucun remords, un acte monstrueux.",gen_AI,,,,,,,,
FR3895,torturer,VERB,Synset('omw-iwn-01802689-v'),"['torture', 'torturer', 'tourmenter']",tourmenter émotionnellement ou mentalement,own,Son comportement cruel torture psychologiquement tous ceux qui l’entourent.,gen_AI,,,,,,,,
FR3878,torture,NOUN,Synset('omw-iwn-00421437-n'),"['torture', 'torturer']","l'infliction délibérée, systématique ou gratuite de souffrances physiques ou mentales par une ou plusieurs personnes dans le but de contraindre une autre personne à fournir des informations ou à faire des aveux ou pour toute autre raison)",own,Cette torture infligée aux prisonniers est une barbarie inhumaine sans excuse.,gen_AI,,,,,,,,
FR3878,torture,NOUN,Synset('omw-iwn-07495551-n'),"['agonie', 'torture', 'tourmenter']",des sentiments intenses de souffrance ; une douleur mentale ou physique aiguë,own,Son silence est une torture pour tous ceux qui attendent des réponses.,gen_AI,,,,,,,,
FR3878,torture,NOUN,Synset('omw-iwn-07496755-n'),"['torture', 'torturer', 'tourmenter']",une détresse mentale extrême,own,Vivre avec cette culpabilité est une véritable torture quotidienne.,gen_AI,,,,,,,,
FR3878,torture,NOUN,Synset('omw-iwn-14333433-n'),"['torture', 'torturer', 'tourmenter']",douleur physique insupportable,own,Il endure une torture insoutenable à cause de ses blessures graves.,gen_AI,,,,,,,,
FR1372,traître,NOUN,Synset('omw-iwn-10007109-n'),"['apostat', 'déserteur', 'girouette', 'renégat', 'traitre', 'traître']","une personne déloyale qui trahit ou abandonne sa cause, sa religion, son parti politique, son ami, etc.",own,"Ce traître vend ses amis pour quelques billets, sans aucun honneur.",gen_AI,,,,,,,,
FR1372,traître,NOUN,Synset('omw-iwn-10027590-n'),"['traitre', 'traître']",une personne qui dit une chose et en fait une autre,own,Un vrai traître qui ment constamment et trahit la confiance des siens.,gen_AI,,,,,,,,
FR1372,traître,NOUN,Synset('omw-iwn-10206173-n'),"['informateur', 'mouchard', 'rat', 'traître']",celui qui révèle des informations confidentielles en échange d'argent,own,Cet informateur traître a vendu ses camarades pour un peu d’argent sale.,gen_AI,,,,,,,,
FR1372,traître,NOUN,Synset('omw-iwn-10722965-n'),"['traitre', 'traître']",quelqu'un qui trahit son pays en commettant une trahison,own,"Il est un traître à sa nation, prêt à tout pour servir ses intérêts personnels.",gen_AI,,,,,,,,
FR1920,triste,ADJ,Synset('omw-iwn-00909363-a'),['triste'],un sentiment de détresse généralisé,own,C’est triste de voir à quel point il est devenu un looser sans aucune ambition.,gen_AI,,,,,,,,
FR1920,triste,ADJ,Synset('omw-iwn-01149494-a'),['triste'],"qui éprouve ou est marqué par la tristesse, le chagrin ou le mécontentement, ou qui en est la cause",own,Son comportement triste et pathétique ne fait que plomber l’ambiance partout où il va.,gen_AI,,,,,,,,
FR3255,tromper,VERB,Synset('omw-iwn-00854420-v'),"['avoir', 'décevoir', 'trahir', 'tromper']",faire croire à une contre-vérité,own,Il trompe tout le monde avec ses mensonges éhontés.,gen_AI,,,,,,,,
FR3255,tromper,VERB,Synset('omw-iwn-01798936-v'),"['décevoir', 'désappointer', 'tromper']",ne répondent pas aux espoirs ou aux attentes des,own,Cette promesse a trompé ses supporters naïfs.,gen_AI,,,,,,,,
FR3255,tromper,VERB,Synset('omw-iwn-02572119-v'),"['arnaquer', 'entourloupe', 'escroquer', 'frauder', 'tromper']",priver de par la tromperie,own,Ils ont trompé des clients vulnérables pour s’enrichir.,gen_AI,,,,,,,,
FR3255,tromper,VERB,Synset('omw-iwn-02573275-v'),"['arracher', 'entuber', 'niquer', 'tromper']",priver quelqu'un de quelque chose par la tromperie,own,Il a trompé ses associés en les escroquant sans vergogne.,gen_AI,,,,,,,,
FR3255,tromper,VERB,Synset('omw-iwn-02574516-v'),['tromper'],adopter un comportement trompeur ; pratiquer la ruse ou la fraude,own,Ce politicien trompe ouvertement pour garder son pouvoir.,gen_AI,,,,,,,,
FR3255,tromper,VERB,Synset('omw-iwn-02575082-v'),"['avoir', 'duper', 'rouler', 'tromper']",être faux ; être malhonnête avec,own,Elle trompe ses amis en cachant ses véritables intentions.,gen_AI,,,,,,,,
FR3255,tromper,VERB,Synset('omw-iwn-02576503-v'),"['cocu', 'trahir', 'tromper']",Être infidèle à…,lr,Il a trompé sa femme à plusieurs reprises sans aucun remords.,gen_AI,,,,,,,,
FR1604,tromperie,NOUN,Synset('omw-iwn-04875352-n'),['tromperie'],la qualité d'être frauduleux,own,Cette entreprise est un exemple parfait de tromperie organisée pour soutirer de l’argent.,gen_AI,,,,,,,,
FR1604,tromperie,NOUN,Synset('omw-iwn-05893916-n'),"['argument_à_logique_fallacieuse', 'sophisme', 'tromperie']",une idée fausse résultant d'un raisonnement incorrect,own,Toutes ses théories reposent sur une tromperie intellectuelle grossière.,gen_AI,,,,,,,,
FR1604,tromperie,NOUN,Synset('omw-iwn-06758225-n'),"['supercherie', 'tromperie']",un mensonge trompeur,own,Son discours n’est qu’une tromperie destinée à manipuler les naïfs.,gen_AI,,,,,,,,
FR1604,tromperie,NOUN,Synset('omw-iwn-10201535-n'),"['Imposteur', 'imposteur', 'impostrice', 'tromperie']",une personne qui fait des faux-semblants,own,"C’est une tromperie ambulante, incapable de montrer sa vraie nature.",gen_AI,,,,,,,,
FR1011,trou,NOUN,Synset('omw-iwn-09295946-n'),"['bled', 'patelin', 'trou']","Petit village perdu, retiré.",lr,C’est un trou paumé où rien d’intéressant ne se passe.,gen_AI,,,,,,,,
FR1011,trou,NOUN,Synset('omw-iwn-03534695-n'),['trou'],argot pour désigner une prison,own,"Il a fini dans ce trou pour ses conneries, totalement dégradé.",gen_AI,,,,,,,,
FR1011,trou,NOUN,[no_synset],[no_synset_lemma],"Orifice, cavité anatomique.",lr,Ferme ton trou du cul au lieu de raconter des bêtises.,hn,,,,,,,,
FR3147,tuer,VERB,Synset('omw-iwn-01323958-v'),['tuer'],"faire mourir ; mettre à mort, généralement intentionnellement ou sciemment",own,"Il a tué sans remords, un véritable monstre sans conscience.",gen_AI,,,,,,,,
FR3147,tuer,VERB,Synset('omw-iwn-01325774-v'),['tuer'],priver de vie,own,Ce poison a tué des centaines d’innocents sans distinction.,gen_AI,,,,,,,,
FR3147,tuer,VERB,Synset('omw-iwn-01327301-v'),"['liquider', 'supprimer', 'tuer', 'éliminer']",se débarrasser (de quelqu'un qui peut être une menace) en le tuant,own,"Ils ont tué leur rival pour garder le contrôle, sans aucune pitié.",gen_AI,,,,,,,,
FR3147,tuer,VERB,Synset('omw-iwn-01407235-v'),['tuer'],frapper avec force,own,"Il m’a tué avec ses remarques méchantes, c’était humiliant.",gen_AI,,,,,,,,
FR3147,tuer,VERB,Synset('omw-iwn-02482425-v'),"['abattre', 'assassiner', 'tuer']",tuer intentionnellement et avec préméditation,own,"Il a froidement tué sa victime, un acte monstrueux qui ne mérite aucune excuse.",gen_AI,,,,,,,,
FR3139,tueur,NOUN,[no_synset],[no_synset_lemma],Personne qui tue.,lr,"Ce tueur sans cœur ne montre aucune pitié, prêt à écraser quiconque se met sur son chemin.",gen_AI,,,,,,,,
FR591,type,NOUN,Synset('omw-iwn-10123711-n'),"['gars', 'homme', 'mec', 'mâle', 'type']","Homme en général, individu. ",lr,"Ce type est incapable de faire quoi que ce soit correctement, un vrai poids mort.",gen_AI,,,,,,,,
FR828,vache,NOUN,Synset('omw-iwn-09972587-n'),['vache'],"Personne méchante, qui se venge ou punit sans pitié. ",lr,Peau de vache.,lr,,,,,,,,
FR828,vache,NOUN,[no_synset],[no_synset_lemma],"exclamation exprimant l'étonnement, l'admiration",lr,La vache !,lr,,,,,,,,
FR3201,ver,NOUN,Synset('omw-iwn-10792028-n'),"['insecte', 'pou', 'ver']",une personne qui a un caractère méchant ou contraire à l'éthique et qui ne mérite pas le respect,own,"Ce type est un ver, un être sans honneur qui profite des autres sans scrupules.",gen_AI,,,,,,,,
FR512,victime,NOUN,Synset('omw-iwn-10752093-n'),['victime'],"Personne qui subit les injustices de qqn, ou qui souffre (d'un état de choses).",lr,Se prendre pour une victime.,lr,,,,,,,,
FR3812,vieux,ADJ,[no_synset],[no_synset_lemma],Qui a les caractères physiques ou moraux d'une personne âgée.,lr,Vieux avant l'âge.,lr,,,,,,,,
FR3812,vieux,ADJ,[no_synset],[no_synset_lemma],"Qui a perdu son intérêt, ses qualités, avec la nouveauté.",lr,Des idées vieux jeu.,lr,,,,,,,,
FR230,viol,NOUN,Synset('omw-iwn-00773402-n'),"['attentat', 'viol', 'violation']"," Acte par lequel une personne en force une autre à avoir des relations sexuelles avec elle, par violence, contrainte, menace ou surprise.",lr,Ce viol abject est un crime odieux qui détruit à jamais la vie de la victime.,gen_AI,,,,,,,,
FR4009,violence,NOUN,Synset('omw-iwn-00965404-n'),"['force', 'violence']",un acte d'agression (contre une personne qui résiste),own,Sa violence gratuite envers les faibles est absolument révoltante.,gen_AI,,,,,,,,
FR4009,violence,NOUN,Synset('omw-iwn-05037813-n'),"['acharnement', 'furie', 'férocité', 'violence']",la propriété d'être sauvage ou turbulent,own,’acharnement violent de ce groupe ne mène qu’à la destruction et au chaos.,gen_AI,,,,,,,,
FR4009,violence,NOUN,Synset('omw-iwn-13979977-n'),['violence'],"un état de turbulence entraînant des blessures et des destructions, etc.",own,La violence dans ce quartier fait fuir tous ceux qui cherchent la paix.,gen_AI,,,,,,,,
FR3529,violent,ADJ,Synset('omw-iwn-02510879-a'),['violent'],agissant avec ou marqué par ou résultant d'une grande force ou énergie ou intensité émotionnelle),own,Il est tellement violent qu’il transforme chaque dispute en véritable chaos dangereux.,gen_AI,,,,,,,,
FR233,violeur,NOUN,Synset('omw-iwn-10507230-n'),['violeur'],quelqu'un qui force une autre personne à avoir des rapports sexuels,own,"Niquel, à bientôt au pays des barbus violeurs de chèvre, alors...",se,,,,,,,,
FR2315,vol,NOUN,Synset('omw-iwn-00780889-n'),['vol'],le fait de prendre quelque chose à quelqu'un de manière illégale,own,Ce vol organisé montre à quel point ils méprisent la loi et les victimes.,gen_AI,,,,,,,,
FR2315,vol,NOUN,Synset('omw-iwn-00781685-n'),['vol'],vol par menace de violence,own,Ce vol à main armée prouve qu’ils sont prêts à tout pour s’enrichir au détriment des autres.,gen_AI,,,,,,,,
FR3673,voler,VERB,Synset('omw-iwn-02276866-v'),"['chou', 'dépouiller', 'dérober', 'piger', 'piquer', 'voler']",s'emparer des biens d'autrui,own,"Il vole sans vergogne tout ce qui ne lui appartient pas, un vrai parasite.",gen_AI,,,,,,,,
FR3673,voler,VERB,Synset('omw-iwn-02319050-v'),"['hameçon', 'toison', 'voler']",arnaquer ; demander un prix déraisonnable,own,Cette boutique te vole en te faisant payer le double pour des produits bas de gamme.,gen_AI,,,,,,,,
FR3673,voler,VERB,Synset('omw-iwn-02321757-v'),['voler'],prendre sans le consentement du propriétaire,own,"Il vole les idées des autres pour se faire mousser, quel minable.",gen_AI,,,,,,,,
FR3673,voler,VERB,Synset('omw-iwn-02322230-v'),"['hameçon', 'voler']",prendre par le vol,own,"Ces escrocs volent tout sur leur passage, ils ne respectent rien ni personne.",gen_AI,,,,,,,,
FR415,voleur,NOUN,Synset('omw-iwn-09880741-n'),"['cambrioleur', 'cambrioleuse', 'voleur']",un voleur qui pénètre dans un bâtiment avec l'intention de voler,own,Ce voleur cambrioleur détruit les maisons des gens sans aucune honte.,gen_AI,,,,,,,,
FR415,voleur,NOUN,Synset('omw-iwn-09837088-n'),"['bandit', 'brigand', 'voleur']",un voleur armé qui est (généralement) membre d'un groupe,own,Ce voleur bandit n’hésite pas à agresser ses victimes pour leur arracher leurs biens.,gen_AI,,,,,,,,
FR415,voleur,NOUN,Synset('omw-iwn-10051337-n'),['voleur'],quelqu'un qui viole la confiance en prenant (de l'argent) pour son propre usage,own,Ce commerçant est un voleur.,lr,,,,,,,,
FR415,voleur,NOUN,Synset('omw-iwn-10431907-n'),"['pickpocket', 'voleur']",un voleur qui dérobe les poches ou les sacs à main d'autrui dans les lieux publics,own,"Un voleur sans scrupules, prêt à piquer le sac des innocents dans la rue.",gen_AI,,,,,,,,
FR415,voleur,NOUN,Synset('omw-iwn-10534586-n'),"['cambrioleur', 'ravisseur', 'voleur']",un voleur qui vole quelqu'un en le menaçant de violence,own,Ce voleur violent terrorise les habitants sans aucune honte.,gen_AI,,,,,,,,
FR415,voleur,NOUN,Synset('omw-iwn-10707804-n'),"['filou', 'voleur', 'voleuse']",un criminel qui s'empare d'un bien appartenant à quelqu'un d'autre avec l'intention de le garder ou de le vendre,own,Ce voleur de bas étage profite de la naïveté des autres pour s’enrichir.,gen_AI,,,,,,,,
FR1203,zob,NOUN,[no_synset],[no_synset_lemma],pénis.,lr,"Je suis un portugais pas poilu, et il doit y avoir un petit % de chinois avec un plus gros zob que toi egalement",se,,,,,,,,